ID,Reason,Date,Seasons,TransportExp,Distance,ServiceTime,Age,Workload,HitTarget,DisciplineIssue,Education,Children,SocialDrinker,SocialSmoker,Pets,Weight,Height,BMI,AbsenceHours
11,26,7/7/15,1,289,36,13,33,239.554,97,0,1,2,1,0,1,90,172,30,4
36,0,14/7/15,1,118,13,18,50,239.554,97,1,1,1,1,0,0,98,178,31,0
3,23,15/7/15,1,179,51,18,38,239.554,97,0,1,0,1,0,0,89,170,31,2
7,7,16/7/15,1,279,5,14,39,239.554,97,0,1,2,1,1,0,68,168,24,4
11,23,23/7/15,1,289,36,13,33,239.554,97,0,1,2,1,0,1,90,172,30,2
3,23,10/7/15,1,179,51,18,38,239.554,97,0,1,0,1,0,0,89,170,31,2
10,22,17/7/15,1,361,52,3,28,239.554,97,0,1,1,1,0,4,80,172,27,8
20,23,24/7/15,1,260,50,11,36,239.554,97,0,1,4,1,0,0,65,168,23,4
14,19,6/7/15,1,155,12,14,34,239.554,97,0,1,2,1,0,0,95,196,25,40
1,22,13/7/15,1,235,11,14,37,239.554,97,0,3,1,0,0,1,88,172,29,8
20,1,20/7/15,1,260,50,11,36,239.554,97,0,1,4,1,0,0,65,168,23,8
20,1,14/7/15,1,260,50,11,36,239.554,97,0,1,4,1,0,0,65,168,23,8
20,11,15/7/15,1,260,50,11,36,239.554,97,0,1,4,1,0,0,65,168,23,8
3,11,15/7/15,1,179,51,18,38,239.554,97,0,1,0,1,0,0,89,170,31,1
3,23,15/7/15,1,179,51,18,38,239.554,97,0,1,0,1,0,0,89,170,31,4
24,14,17/7/15,1,246,25,16,41,239.554,97,0,1,0,1,0,0,67,170,23,8
3,23,17/7/15,1,179,51,18,38,239.554,97,0,1,0,1,0,0,89,170,31,2
3,21,27/7/15,1,179,51,18,38,239.554,97,0,1,0,1,0,0,89,170,31,8
6,11,30/7/15,1,189,29,13,33,239.554,97,0,1,2,0,0,2,69,167,25,8
33,23,5/8/15,1,248,25,14,47,205.917,92,0,1,2,0,0,1,86,165,32,2
18,10,12/8/15,1,330,16,4,28,205.917,92,0,2,0,0,0,0,84,182,25,8
3,11,3/8/15,1,179,51,18,38,205.917,92,0,1,0,1,0,0,89,170,31,1
10,13,10/8/15,1,361,52,3,28,205.917,92,0,1,1,1,0,4,80,172,27,40
20,28,14/8/15,1,260,50,11,36,205.917,92,0,1,4,1,0,0,65,168,23,4
11,18,17/8/15,1,289,36,13,33,205.917,92,0,1,2,1,0,1,90,172,30,8
10,25,24/8/15,1,361,52,3,28,205.917,92,0,1,1,1,0,4,80,172,27,7
11,23,4/8/15,1,289,36,13,33,205.917,92,0,1,2,1,0,1,90,172,30,1
30,28,12/8/15,1,157,27,6,29,205.917,92,0,1,0,1,1,0,75,185,22,4
11,18,19/8/15,1,289,36,13,33,205.917,92,0,1,2,1,0,1,90,172,30,8
3,23,28/8/15,1,179,51,18,38,205.917,92,0,1,0,1,0,0,89,170,31,2
3,18,17/8/15,1,179,51,18,38,205.917,92,0,1,0,1,0,0,89,170,31,8
2,18,27/8/15,1,235,29,12,48,205.917,92,0,1,1,0,1,5,88,163,33,8
1,23,27/8/15,1,235,11,14,37,205.917,92,0,3,1,0,0,1,88,172,29,4
2,18,17/8/15,1,235,29,12,48,205.917,92,0,1,1,0,1,5,88,163,33,8
3,23,17/8/15,1,179,51,18,38,205.917,92,0,1,0,1,0,0,89,170,31,2
10,23,17/8/15,1,361,52,3,28,205.917,92,0,1,1,1,0,4,80,172,27,1
11,24,4/8/15,1,289,36,13,33,205.917,92,0,1,2,1,0,1,90,172,30,8
19,11,20/8/15,1,291,50,12,32,205.917,92,0,1,0,1,0,0,65,169,23,4
2,28,21/8/15,1,235,29,12,48,205.917,92,0,1,1,0,1,5,88,163,33,8
20,23,28/8/15,1,260,50,11,36,205.917,92,0,1,4,1,0,0,65,168,23,4
27,23,1/9/15,1,184,42,7,27,241.476,92,0,1,0,0,0,0,58,167,21,2
34,23,7/9/15,1,118,10,10,37,241.476,92,0,1,0,0,0,0,83,172,28,4
3,23,1/9/15,1,179,51,18,38,241.476,92,0,1,0,1,0,0,89,170,31,4
5,19,8/9/15,1,235,20,13,43,241.476,92,0,1,1,1,0,0,106,167,38,8
14,23,9/9/15,1,155,12,14,34,241.476,92,0,1,2,1,0,0,95,196,25,2
34,23,13/9/15,1,118,10,10,37,241.476,92,0,1,0,0,0,0,83,172,28,3
3,23,14/9/15,1,179,51,18,38,241.476,92,0,1,0,1,0,0,89,170,31,3
15,23,24/9/15,1,291,31,12,40,241.476,92,0,1,1,1,0,1,73,171,25,4
20,22,4/9/15,1,260,50,11,36,241.476,92,0,1,4,1,0,0,65,168,23,8
15,14,14/9/15,4,291,31,12,40,241.476,92,0,1,1,1,0,1,73,171,25,32
20,0,21/9/15,4,260,50,11,36,241.476,92,1,1,4,1,0,0,65,168,23,0
29,0,28/9/15,4,225,26,9,28,241.476,92,1,1,1,0,0,2,69,169,24,0
28,23,8/9/15,4,225,26,9,28,241.476,92,0,1,1,0,0,2,69,169,24,2
34,23,15/9/15,4,118,10,10,37,241.476,92,0,1,0,0,0,0,83,172,28,2
11,0,22/9/15,4,289,36,13,33,241.476,92,1,1,2,1,0,1,90,172,30,0
36,0,29/9/15,4,118,13,18,50,241.476,92,1,1,1,1,0,0,98,178,31,0
28,18,16/9/15,4,225,26,9,28,241.476,92,0,1,1,0,0,2,69,169,24,3
3,23,23/9/15,4,179,51,18,38,241.476,92,0,1,0,1,0,0,89,170,31,3
13,0,30/9/15,4,369,17,12,31,241.476,92,1,1,3,1,0,0,70,169,25,0
33,23,11/9/15,4,248,25,14,47,241.476,92,0,1,2,0,0,1,86,165,32,1
3,23,18/9/15,4,179,51,18,38,241.476,92,0,1,0,1,0,0,89,170,31,3
20,23,25/9/15,4,260,50,11,36,241.476,92,0,1,4,1,0,0,65,168,23,4
3,23,6/10/15,4,179,51,18,38,253.465,93,0,1,0,1,0,0,89,170,31,3
34,23,13/10/15,4,118,10,10,37,253.465,93,0,1,0,0,0,0,83,172,28,3
36,0,14/10/15,4,118,13,18,50,253.465,93,1,1,1,1,0,0,98,178,31,0
22,23,15/10/15,4,179,26,9,30,253.465,93,0,3,0,0,0,0,56,171,19,1
3,23,16/10/15,4,179,51,18,38,253.465,93,0,1,0,1,0,0,89,170,31,3
28,23,16/10/15,4,225,26,9,28,253.465,93,0,1,1,0,0,2,69,169,24,3
34,23,6/10/15,4,118,10,10,37,253.465,93,0,1,0,0,0,0,83,172,28,3
28,23,14/10/15,4,225,26,9,28,253.465,93,0,1,1,0,0,2,69,169,24,2
33,23,21/10/15,4,248,25,14,47,253.465,93,0,1,2,0,0,1,86,165,32,2
15,23,22/10/15,4,291,31,12,40,253.465,93,0,1,1,1,0,1,73,171,25,5
3,23,21/10/15,4,179,51,18,38,253.465,93,0,1,0,1,0,0,89,170,31,8
28,23,21/10/15,4,225,26,9,28,253.465,93,0,1,1,0,0,2,69,169,24,3
20,19,22/10/15,4,260,50,11,36,253.465,93,0,1,4,1,0,0,65,168,23,16
15,14,13/10/15,4,291,31,12,40,253.465,93,0,1,1,1,0,1,73,171,25,8
28,28,20/10/15,4,225,26,9,28,253.465,93,0,1,1,0,0,2,69,169,24,2
11,26,21/10/15,4,289,36,13,33,253.465,93,0,1,2,1,0,1,90,172,30,8
10,23,23/10/15,4,361,52,3,28,253.465,93,0,1,1,1,0,4,80,172,27,1
20,28,30/10/15,4,260,50,11,36,253.465,93,0,1,4,1,0,0,65,168,23,3
3,23,5/11/15,4,179,51,18,38,306.345,93,0,1,0,1,0,0,89,170,31,1
28,23,4/11/15,4,225,26,9,28,306.345,93,0,1,1,0,0,2,69,169,24,1
3,13,5/11/15,4,179,51,18,38,306.345,93,0,1,0,1,0,0,89,170,31,8
17,21,12/11/15,4,179,22,17,40,306.345,93,0,2,2,0,1,0,63,170,22,8
15,23,19/11/15,4,291,31,12,40,306.345,93,0,1,1,1,0,1,73,171,25,5
14,10,2/11/15,4,155,12,14,34,306.345,93,0,1,2,1,0,0,95,196,25,32
6,22,9/11/15,4,189,29,13,33,306.345,93,0,1,2,0,0,2,69,167,25,8
15,14,16/11/15,4,291,31,12,40,306.345,93,0,1,1,1,0,1,73,171,25,40
28,23,18/11/15,4,225,26,9,28,306.345,93,0,1,1,0,0,2,69,169,24,1
14,6,20/11/15,4,155,12,14,34,306.345,93,0,1,2,1,0,0,95,196,25,8
28,23,18/11/15,4,225,26,9,28,306.345,93,0,1,1,0,0,2,69,169,24,3
17,21,25/11/15,4,179,22,17,40,306.345,93,0,2,2,0,1,0,63,170,22,8
28,13,20/11/15,4,225,26,9,28,306.345,93,0,1,1,0,0,2,69,169,24,3
20,28,27/11/15,4,260,50,11,36,306.345,93,0,1,4,1,0,0,65,168,23,4
33,28,2/11/15,4,248,25,14,47,306.345,93,0,1,2,0,0,1,86,165,32,1
28,28,10/11/15,4,225,26,9,28,306.345,93,0,1,1,0,0,2,69,169,24,3
11,7,11/11/15,4,289,36,13,33,306.345,93,0,1,2,1,0,1,90,172,30,24
15,23,26/11/15,4,291,31,12,40,306.345,93,0,1,1,1,0,1,73,171,25,3
33,23,1/12/15,4,248,25,14,47,261.306,97,0,1,2,0,0,1,86,165,32,1
34,19,1/12/15,4,118,10,10,37,261.306,97,0,1,0,0,0,0,83,172,28,64
36,23,2/12/15,4,118,13,18,50,261.306,97,0,1,1,1,0,0,98,178,31,2
1,26,2/12/15,4,235,11,14,37,261.306,97,0,3,1,0,0,1,88,172,29,8
28,23,3/12/15,4,225,26,9,28,261.306,97,0,1,1,0,0,2,69,169,24,2
20,26,4/12/15,4,260,50,11,36,261.306,97,0,1,4,1,0,0,65,168,23,8
34,19,8/12/15,4,118,10,10,37,261.306,97,0,1,0,0,0,0,83,172,28,56
10,22,9/12/15,4,361,52,3,28,261.306,97,0,1,1,1,0,4,80,172,27,8
28,28,10/12/15,4,225,26,9,28,261.306,97,0,1,1,0,0,2,69,169,24,3
20,28,11/12/15,4,260,50,11,36,261.306,97,0,1,4,1,0,0,65,168,23,3
28,23,15/12/15,4,225,26,9,28,261.306,97,0,1,1,0,0,2,69,169,24,2
10,22,16/12/15,4,361,52,3,28,261.306,97,0,1,1,1,0,4,80,172,27,8
34,27,11/12/15,4,118,10,10,37,261.306,97,0,1,0,0,0,0,83,172,28,2
24,19,18/12/15,2,246,25,16,41,261.306,97,0,1,0,1,0,0,67,170,23,8
28,23,18/12/15,2,225,26,9,28,261.306,97,0,1,1,0,0,2,69,169,24,2
28,23,6/1/16,2,225,26,9,28,308.593,95,0,1,1,0,0,2,69,169,24,1
34,19,4/1/16,2,118,10,10,37,308.593,95,0,1,0,0,0,0,83,172,28,1
34,27,5/1/16,2,118,10,10,37,308.593,95,0,1,0,0,0,0,83,172,28,1
14,18,5/1/16,2,155,12,14,34,308.593,95,0,1,2,1,0,0,95,196,25,8
28,27,6/1/16,2,225,26,9,28,308.593,95,0,1,1,0,0,2,69,169,24,2
27,23,7/1/16,2,184,42,7,27,308.593,95,0,1,0,0,0,0,58,167,21,2
28,28,7/1/16,2,225,26,9,28,308.593,95,0,1,1,0,0,2,69,169,24,2
28,27,8/1/16,2,225,26,9,28,308.593,95,0,1,1,0,0,2,69,169,24,1
34,27,11/1/16,2,118,10,10,37,308.593,95,0,1,0,0,0,0,83,172,28,2
28,27,12/1/16,2,225,26,9,28,308.593,95,0,1,1,0,0,2,69,169,24,2
34,27,12/1/16,2,118,10,10,37,308.593,95,0,1,0,0,0,0,83,172,28,2
34,27,13/1/16,2,118,10,10,37,308.593,95,0,1,0,0,0,0,83,172,28,2
34,27,14/1/16,2,118,10,10,37,308.593,95,0,1,0,0,0,0,83,172,28,2
34,27,15/1/16,2,118,10,10,37,308.593,95,0,1,0,0,0,0,83,172,28,2
34,27,11/1/16,2,118,10,10,37,308.593,95,0,1,0,0,0,0,83,172,28,2
34,27,12/1/16,2,118,10,10,37,308.593,95,0,1,0,0,0,0,83,172,28,2
22,18,12/1/16,2,179,26,9,30,308.593,95,0,3,0,0,0,0,56,171,19,8
11,18,12/1/16,2,289,36,13,33,308.593,95,0,1,2,1,0,1,90,172,30,8
34,27,13/1/16,2,118,10,10,37,308.593,95,0,1,0,0,0,0,83,172,28,2
27,23,21/1/16,2,184,42,7,27,308.593,95,0,1,0,0,0,0,58,167,21,2
34,27,28/1/16,2,118,10,10,37,308.593,95,0,1,0,0,0,0,83,172,28,2
34,27,25/1/16,2,118,10,10,37,308.593,95,0,1,0,0,0,0,83,172,28,0
28,23,26/1/16,2,225,26,9,28,308.593,95,0,1,1,0,0,2,69,169,24,1
11,22,28/1/16,2,289,36,13,33,308.593,95,0,1,2,1,0,1,90,172,30,3
27,23,5/2/16,2,184,42,7,27,302.585,99,0,1,0,0,0,0,58,167,21,1
24,1,3/2/16,2,246,25,16,41,302.585,99,0,1,0,1,0,0,67,170,23,8
3,11,10/2/16,2,179,51,18,38,302.585,99,0,1,0,1,0,0,89,170,31,8
14,28,11/2/16,2,155,12,14,34,302.585,99,0,1,2,1,0,0,95,196,25,2
6,23,11/2/16,2,189,29,13,33,302.585,99,0,1,2,0,0,2,69,167,25,8
20,28,12/2/16,2,260,50,11,36,302.585,99,0,1,4,1,0,0,65,168,23,2
11,22,12/2/16,2,289,36,13,33,302.585,99,0,1,2,1,0,1,90,172,30,8
31,11,8/2/16,2,388,15,9,50,302.585,99,0,1,0,0,0,0,76,178,24,8
31,1,9/2/16,2,388,15,9,50,302.585,99,0,1,0,0,0,0,76,178,24,8
28,28,15/2/16,2,225,26,9,28,302.585,99,0,1,1,0,0,2,69,169,24,2
28,23,9/2/16,2,225,26,9,28,302.585,99,0,1,1,0,0,2,69,169,24,2
22,23,16/2/16,2,179,26,9,30,302.585,99,0,3,0,0,0,0,56,171,19,1
27,23,23/2/16,2,184,42,7,27,302.585,99,0,1,0,0,0,0,58,167,21,8
28,25,25/2/16,2,225,26,9,28,302.585,99,0,1,1,0,0,2,69,169,24,3
18,18,15/2/16,2,330,16,4,28,302.585,99,0,2,0,0,0,0,84,182,25,8
18,23,16/2/16,2,330,16,4,28,302.585,99,0,2,0,0,0,0,84,182,25,1
28,23,17/2/16,2,225,26,9,28,302.585,99,0,1,1,0,0,2,69,169,24,1
6,19,25/2/16,2,189,29,13,33,302.585,99,0,1,2,0,0,2,69,167,25,8
19,28,1/3/16,2,291,50,12,32,343.253,95,0,1,0,1,0,0,65,169,23,2
20,19,1/3/16,2,260,50,11,36,343.253,95,0,1,4,1,0,0,65,168,23,8
30,19,8/3/16,2,157,27,6,29,343.253,95,0,1,0,1,1,0,75,185,22,3
17,17,15/3/16,2,179,22,17,40,343.253,95,0,2,2,0,1,0,63,170,22,8
15,22,16/3/16,2,291,31,12,40,343.253,95,0,1,1,1,0,1,73,171,25,8
20,13,2/3/16,2,260,50,11,36,343.253,95,0,1,4,1,0,0,65,168,23,8
22,13,3/3/16,2,179,26,9,30,343.253,95,0,3,0,0,0,0,56,171,19,8
33,14,4/3/16,2,248,25,14,47,343.253,95,0,1,2,0,0,1,86,165,32,3
20,13,4/3/16,2,260,50,11,36,343.253,95,0,1,4,1,0,0,65,168,23,40
17,11,7/3/16,2,179,22,17,40,343.253,95,0,2,2,0,1,0,63,170,22,40
14,1,14/3/16,2,155,12,14,34,343.253,95,0,1,2,1,0,0,95,196,25,16
20,26,21/3/16,2,260,50,11,36,343.253,95,0,1,4,1,0,0,65,168,23,16
14,13,22/3/16,2,155,12,14,34,343.253,95,0,1,2,1,0,0,95,196,25,8
11,6,24/3/16,2,289,36,13,33,343.253,95,0,1,2,1,0,1,90,172,30,8
17,8,24/3/16,2,179,22,17,40,343.253,95,0,2,2,0,1,0,63,170,22,8
20,28,25/3/16,2,260,50,11,36,343.253,95,0,1,4,1,0,0,65,168,23,4
28,23,25/3/16,2,225,26,9,28,343.253,95,0,1,1,0,0,2,69,169,24,1
7,14,28/3/16,2,279,5,14,39,343.253,95,0,1,2,1,1,0,68,168,24,8
3,13,29/3/16,2,179,51,18,38,343.253,95,0,1,0,1,0,0,89,170,31,24
28,23,30/3/16,2,225,26,9,28,343.253,95,0,1,1,0,0,2,69,169,24,2
28,11,28/3/16,3,225,26,9,28,343.253,95,0,1,1,0,0,2,69,169,24,8
22,13,28/3/16,3,179,26,9,30,343.253,95,0,3,0,0,0,0,56,171,19,1
28,11,29/3/16,3,225,26,9,28,343.253,95,0,1,1,0,0,2,69,169,24,8
28,11,30/3/16,3,225,26,9,28,343.253,95,0,1,1,0,0,2,69,169,24,16
3,13,30/3/16,3,179,51,18,38,343.253,95,0,1,0,1,0,0,89,170,31,3
7,14,17/3/16,3,279,5,14,39,343.253,95,0,1,2,1,1,0,68,168,24,16
28,28,18/3/16,3,225,26,9,28,343.253,95,0,1,1,0,0,2,69,169,24,2
33,14,25/3/16,3,248,25,14,47,343.253,95,0,1,2,0,0,1,86,165,32,3
28,28,28/3/16,3,225,26,9,28,343.253,95,0,1,1,0,0,2,69,169,24,1
15,28,6/4/16,3,291,31,12,40,326.452,96,0,1,1,1,0,1,73,171,25,1
28,23,13/4/16,3,225,26,9,28,326.452,96,0,1,1,0,0,2,69,169,24,1
14,28,12/4/16,3,155,12,14,34,326.452,96,0,1,2,1,0,0,95,196,25,1
24,13,13/4/16,3,246,25,16,41,326.452,96,0,1,0,1,0,0,67,170,23,24
14,23,14/4/16,3,155,12,14,34,326.452,96,0,1,2,1,0,0,95,196,25,1
28,28,15/4/16,3,225,26,9,28,326.452,96,0,1,1,0,0,2,69,169,24,2
20,28,15/4/16,3,260,50,11,36,326.452,96,0,1,4,1,0,0,65,168,23,4
3,13,6/4/16,3,179,51,18,38,326.452,96,0,1,0,1,0,0,89,170,31,24
36,23,7/4/16,3,118,13,18,50,326.452,96,0,1,1,1,0,0,98,178,31,1
15,23,8/4/16,3,291,31,12,40,326.452,96,0,1,1,1,0,1,73,171,25,3
24,14,8/4/16,3,246,25,16,41,326.452,96,0,1,0,1,0,0,67,170,23,8
15,28,22/4/16,3,291,31,12,40,326.452,96,0,1,1,1,0,1,73,171,25,1
33,28,29/4/16,3,248,25,14,47,326.452,96,0,1,2,0,0,1,86,165,32,8
20,19,29/4/16,3,260,50,11,36,326.452,96,0,1,4,1,0,0,65,168,23,56
11,19,26/4/16,3,289,36,13,33,326.452,96,0,1,2,1,0,1,90,172,30,8
14,12,27/4/16,3,155,12,14,34,326.452,96,0,1,2,1,0,0,95,196,25,24
23,19,27/4/16,3,378,49,11,36,326.452,96,0,1,2,0,1,4,65,174,21,8
11,13,28/4/16,3,289,36,13,33,326.452,96,0,1,2,1,0,1,90,172,30,16
1,7,8/4/16,3,235,11,14,37,326.452,96,0,3,1,0,0,1,88,172,29,3
2,0,4/4/16,3,235,29,12,48,326.452,96,1,1,1,0,1,5,88,163,33,0
11,13,4/5/16,3,289,36,13,33,378.884,92,0,1,2,1,0,1,90,172,30,8
14,28,5/5/16,3,155,12,14,34,378.884,92,0,1,2,1,0,0,95,196,25,2
14,28,2/5/16,3,155,12,14,34,378.884,92,0,1,2,1,0,0,95,196,25,1
3,18,3/5/16,3,179,51,18,38,378.884,92,0,1,0,1,0,0,89,170,31,8
28,19,3/5/16,3,225,26,9,28,378.884,92,0,1,1,0,0,2,69,169,24,8
27,7,11/5/16,3,184,42,7,27,378.884,92,0,1,0,0,0,0,58,167,21,4
14,28,9/5/16,3,155,12,14,34,378.884,92,0,1,2,1,0,0,95,196,25,2
3,12,10/5/16,3,179,51,18,38,378.884,92,0,1,0,1,0,0,89,170,31,1
11,13,4/5/16,3,289,36,13,33,378.884,92,0,1,2,1,0,1,90,172,30,24
7,0,11/5/16,3,279,5,14,39,378.884,92,1,1,2,1,1,0,68,168,24,0
18,0,18/5/16,3,330,16,4,28,378.884,92,1,2,0,0,0,0,84,182,25,0
23,0,25/5/16,3,378,49,11,36,378.884,92,1,1,2,0,1,4,65,174,21,0
31,0,25/5/16,3,388,15,9,50,378.884,92,1,1,0,0,0,0,76,178,24,0
3,11,24/5/16,3,179,51,18,38,378.884,92,0,1,0,1,0,0,89,170,31,1
36,13,11/5/16,3,118,13,18,50,378.884,92,0,1,1,1,0,0,98,178,31,24
10,22,27/5/16,3,361,52,3,28,378.884,92,0,1,1,1,0,4,80,172,27,8
24,19,6/6/16,3,246,25,16,41,377.55,94,0,1,0,1,0,0,67,170,23,8
10,22,13/6/16,3,361,52,3,28,377.55,94,0,1,1,1,0,4,80,172,27,8
24,10,14/6/16,3,246,25,16,41,377.55,94,0,1,0,1,0,0,67,170,23,24
15,23,16/6/16,3,291,31,12,40,377.55,94,0,1,1,1,0,1,73,171,25,4
24,10,17/6/16,3,246,25,16,41,377.55,94,0,1,0,1,0,0,67,170,23,8
3,11,13/6/16,3,179,51,18,38,377.55,94,0,1,0,1,0,0,89,170,31,8
14,23,20/6/16,3,155,12,14,34,377.55,94,0,1,2,1,0,0,95,196,25,4
24,10,27/6/16,3,246,25,16,41,377.55,94,0,1,0,1,0,0,67,170,23,8
36,13,29/6/16,3,118,13,18,50,377.55,94,0,1,1,1,0,0,98,178,31,8
1,13,3/6/16,3,235,11,14,37,377.55,94,0,3,1,0,0,1,88,172,29,16
36,23,7/6/16,3,118,13,18,50,377.55,94,0,1,1,1,0,0,98,178,31,1
36,13,8/6/16,3,118,13,18,50,377.55,94,0,1,1,1,0,0,98,178,31,80
23,22,9/6/16,3,378,49,11,36,377.55,94,0,1,2,0,1,4,65,174,21,8
3,11,10/6/16,3,179,51,18,38,377.55,94,0,1,0,1,0,0,89,170,31,2
32,28,20/6/16,1,289,48,29,49,377.55,94,0,1,0,0,0,2,108,172,36,2
28,28,30/6/16,1,225,26,9,28,377.55,94,0,1,1,0,0,2,69,169,24,2
14,19,5/7/16,1,155,12,14,34,275.312,98,0,1,2,1,0,0,95,196,25,16
36,1,6/7/16,1,118,13,18,50,275.312,98,0,1,1,1,0,0,98,178,31,8
34,5,8/7/16,1,118,10,10,37,275.312,98,0,1,0,0,0,0,83,172,28,8
34,26,8/7/16,1,118,10,10,37,275.312,98,0,1,0,0,0,0,83,172,28,4
18,26,12/7/16,1,330,16,4,28,275.312,98,0,2,0,0,0,0,84,182,25,8
22,18,14/7/16,1,179,26,9,30,275.312,98,0,3,0,0,0,0,56,171,19,8
14,25,15/7/16,1,155,12,14,34,275.312,98,0,1,2,1,0,0,95,196,25,2
18,1,18/7/16,1,330,16,4,28,275.312,98,0,2,0,0,0,0,84,182,25,8
18,1,19/7/16,1,330,16,4,28,275.312,98,0,2,0,0,0,0,84,182,25,8
30,25,18/7/16,1,157,27,6,29,275.312,98,0,1,0,1,1,0,75,185,22,3
10,22,19/7/16,1,361,52,3,28,275.312,98,0,1,1,1,0,4,80,172,27,8
11,26,20/7/16,1,289,36,13,33,275.312,98,0,1,2,1,0,1,90,172,30,8
3,26,21/7/16,1,179,51,18,38,275.312,98,0,1,0,1,0,0,89,170,31,8
11,19,11/7/16,1,289,36,13,33,275.312,98,0,1,2,1,0,1,90,172,30,32
11,19,14/7/16,1,289,36,13,33,275.312,98,0,1,2,1,0,1,90,172,30,8
20,0,21/7/16,1,260,50,11,36,275.312,98,1,1,4,1,0,0,65,168,23,0
11,19,4/8/16,1,289,36,13,33,265.615,94,0,1,2,1,0,1,90,172,30,8
30,19,11/8/16,1,157,27,6,29,265.615,94,0,1,0,1,1,0,75,185,22,3
11,23,7/8/16,1,289,36,13,33,265.615,94,0,1,2,1,0,1,90,172,30,1
9,18,8/8/16,1,228,14,16,58,265.615,94,0,1,2,0,0,1,65,172,22,8
26,13,10/8/16,1,300,26,13,43,265.615,94,0,1,2,1,1,1,77,175,25,1
26,14,10/8/16,1,300,26,13,43,265.615,94,0,1,2,1,1,1,77,175,25,2
20,28,11/8/16,1,260,50,11,36,265.615,94,0,1,4,1,0,0,65,168,23,4
11,23,8/8/16,1,289,36,13,33,265.615,94,0,1,2,1,0,1,90,172,30,4
33,23,9/8/16,1,248,25,14,47,265.615,94,0,1,2,0,0,1,86,165,32,1
21,11,10/8/16,1,268,11,8,33,265.615,94,0,2,0,0,0,0,79,178,25,8
22,23,10/8/16,1,179,26,9,30,265.615,94,0,3,0,0,0,0,56,171,19,1
36,13,10/8/16,1,118,13,18,50,265.615,94,0,1,1,1,0,0,98,178,31,3
33,25,14/8/16,1,248,25,14,47,265.615,94,0,1,2,0,0,1,86,165,32,2
1,23,15/8/16,1,235,11,14,37,265.615,94,0,3,1,0,0,1,88,172,29,1
36,23,17/8/16,1,118,13,18,50,265.615,94,0,1,1,1,0,0,98,178,31,1
1,19,24/8/16,1,235,11,14,37,265.615,94,0,3,1,0,0,1,88,172,29,8
10,8,8/8/16,1,361,52,3,28,265.615,94,0,1,1,1,0,4,80,172,27,8
27,6,30/8/16,1,184,42,7,27,265.615,94,0,1,0,0,0,0,58,167,21,8
3,11,5/9/16,1,179,51,18,38,294.217,81,0,1,0,1,0,0,89,170,31,8
3,23,9/9/16,1,179,51,18,38,294.217,81,0,1,0,1,0,0,89,170,31,3
11,19,7/9/16,1,289,36,13,33,294.217,81,0,1,2,1,0,1,90,172,30,24
5,0,8/9/16,1,235,20,13,43,294.217,81,1,1,1,1,0,0,106,167,38,0
24,9,12/9/16,1,246,25,16,41,294.217,81,0,1,0,1,0,0,67,170,23,16
15,28,13/9/16,1,291,31,12,40,294.217,81,0,1,1,1,0,1,73,171,25,3
8,0,13/9/16,1,231,35,14,39,294.217,81,1,1,2,1,0,2,100,170,35,0
19,0,13/9/16,1,291,50,12,32,294.217,81,1,1,0,1,0,0,65,169,23,0
3,13,14/9/16,1,179,51,18,38,294.217,81,0,1,0,1,0,0,89,170,31,8
24,9,14/9/16,1,246,25,16,41,294.217,81,0,1,0,1,0,0,67,170,23,32
3,23,15/9/16,1,179,51,18,38,294.217,81,0,1,0,1,0,0,89,170,31,1
15,28,16/9/16,1,291,31,12,40,294.217,81,0,1,1,1,0,1,73,171,25,4
20,28,16/9/16,1,260,50,11,36,294.217,81,0,1,4,1,0,0,65,168,23,4
5,26,14/9/16,4,235,20,13,43,294.217,81,0,1,1,1,0,0,106,167,38,8
36,28,15/9/16,4,118,13,18,50,294.217,81,0,1,1,1,0,0,98,178,31,1
5,0,15/9/16,4,235,20,13,43,294.217,81,1,1,1,1,0,0,106,167,38,0
15,28,16/9/16,4,291,31,12,40,294.217,81,0,1,1,1,0,1,73,171,25,3
15,7,26/9/16,4,291,31,12,40,294.217,81,0,1,1,1,0,1,73,171,25,40
3,13,26/9/16,4,179,51,18,38,294.217,81,0,1,0,1,0,0,89,170,31,8
11,24,5/10/16,4,289,36,13,33,265.017,88,0,1,2,1,0,1,90,172,30,8
1,26,5/10/16,4,235,11,14,37,265.017,88,0,3,1,0,0,1,88,172,29,4
11,26,5/10/16,4,289,36,13,33,265.017,88,0,1,2,1,0,1,90,172,30,8
11,22,6/10/16,4,289,36,13,33,265.017,88,0,1,2,1,0,1,90,172,30,8
36,0,6/10/16,4,118,13,18,50,265.017,88,1,1,1,1,0,0,98,178,31,0
33,0,6/10/16,4,248,25,14,47,265.017,88,1,1,2,0,0,1,86,165,32,0
22,1,12/10/16,4,179,26,9,30,265.017,88,0,3,0,0,0,0,56,171,19,8
34,7,12/10/16,4,118,10,10,37,265.017,88,0,1,0,0,0,0,83,172,28,3
13,22,12/10/16,4,369,17,12,31,265.017,88,0,1,3,1,0,0,70,169,25,8
3,28,14/10/16,4,179,51,18,38,265.017,88,0,1,0,1,0,0,89,170,31,1
22,1,14/10/16,4,179,26,9,30,265.017,88,0,3,0,0,0,0,56,171,19,64
5,0,14/10/16,4,235,20,13,43,265.017,88,1,1,1,1,0,0,106,167,38,0
11,19,15/10/16,4,289,36,13,33,265.017,88,0,1,2,1,0,1,90,172,30,16
20,28,16/10/16,4,260,50,11,36,265.017,88,0,1,4,1,0,0,65,168,23,3
5,0,16/10/16,4,235,20,13,43,265.017,88,1,1,1,1,0,0,106,167,38,0
5,23,19/10/16,4,235,20,13,43,265.017,88,0,1,1,1,0,0,106,167,38,2
5,23,19/10/16,4,235,20,13,43,265.017,88,0,1,1,1,0,0,106,167,38,2
36,28,20/10/16,4,118,13,18,50,265.017,88,0,1,1,1,0,0,98,178,31,1
15,28,20/10/16,4,291,31,12,40,265.017,88,0,1,1,1,0,1,73,171,25,4
22,23,22/10/16,4,179,26,9,30,265.017,88,0,3,0,0,0,0,56,171,19,16
36,28,22/10/16,4,118,13,18,50,265.017,88,0,1,1,1,0,0,98,178,31,1
10,10,26/10/16,4,361,52,3,28,265.017,88,0,1,1,1,0,4,80,172,27,8
20,0,27/10/16,4,260,50,11,36,265.017,88,1,1,4,1,0,0,65,168,23,0
15,0,27/10/16,4,291,31,12,40,265.017,88,1,1,1,1,0,1,73,171,25,0
30,0,27/10/16,4,157,27,6,29,265.017,88,1,1,0,1,1,0,75,185,22,0
22,1,28/10/16,4,179,26,9,30,265.017,88,0,3,0,0,0,0,56,171,19,5
22,7,28/10/16,4,179,26,9,30,265.017,88,0,3,0,0,0,0,56,171,19,5
36,23,29/10/16,4,118,13,18,50,265.017,88,0,1,1,1,0,0,98,178,31,1
34,11,7/11/16,4,118,10,10,37,284.031,97,0,1,0,0,0,0,83,172,28,8
33,23,7/11/16,4,248,25,14,47,284.031,97,0,1,2,0,0,1,86,165,32,2
3,6,8/11/16,4,179,51,18,38,284.031,97,0,1,0,1,0,0,89,170,31,8
20,28,11/11/16,4,260,50,11,36,284.031,97,0,1,4,1,0,0,65,168,23,3
15,23,14/11/16,4,291,31,12,40,284.031,97,0,1,1,1,0,1,73,171,25,1
23,1,14/11/16,4,378,49,11,36,284.031,97,0,1,2,0,1,4,65,174,21,8
14,11,14/11/16,4,155,12,14,34,284.031,97,0,1,2,1,0,0,95,196,25,120
5,26,14/11/16,4,235,20,13,43,284.031,97,0,1,1,1,0,0,106,167,38,8
18,0,15/11/16,4,330,16,4,28,284.031,97,1,2,0,0,0,0,84,182,25,0
1,18,16/11/16,4,235,11,14,37,284.031,97,0,3,1,0,0,1,88,172,29,1
34,11,16/11/16,4,118,10,10,37,284.031,97,0,1,0,0,0,0,83,172,28,3
1,25,17/11/16,4,235,11,14,37,284.031,97,0,3,1,0,0,1,88,172,29,2
3,28,17/11/16,4,179,51,18,38,284.031,97,0,1,0,1,0,0,89,170,31,3
24,13,18/11/16,4,246,25,16,41,284.031,97,0,1,0,1,0,0,67,170,23,8
15,12,18/11/16,4,291,31,12,40,284.031,97,0,1,1,1,0,1,73,171,25,4
24,13,21/11/16,4,246,25,16,41,284.031,97,0,1,0,1,0,0,67,170,23,8
3,28,22/11/16,4,179,51,18,38,284.031,97,0,1,0,1,0,0,89,170,31,1
20,10,23/11/16,4,260,50,11,36,284.031,97,0,1,4,1,0,0,65,168,23,8
20,15,25/11/16,4,260,50,11,36,284.031,97,0,1,4,1,0,0,65,168,23,8
23,0,25/11/16,4,378,49,11,36,284.031,97,1,1,2,0,1,4,65,174,21,0
7,0,29/11/16,4,279,5,14,39,284.031,97,1,1,2,1,1,0,68,168,24,0
3,23,24/11/16,4,179,51,18,38,284.031,97,0,1,0,1,0,0,89,170,31,1
28,12,5/12/16,4,225,26,9,28,236.629,93,0,1,1,0,0,2,69,169,24,3
3,28,5/12/16,4,179,51,18,38,236.629,93,0,1,0,1,0,0,89,170,31,2
3,28,5/12/16,4,179,51,18,38,236.629,93,0,1,0,1,0,0,89,170,31,1
1,23,5/12/16,4,235,11,14,37,236.629,93,0,3,1,0,0,1,88,172,29,3
36,28,6/12/16,4,118,13,18,50,236.629,93,0,1,1,1,0,0,98,178,31,1
20,28,9/12/16,4,260,50,11,36,236.629,93,0,1,4,1,0,0,65,168,23,4
24,4,15/12/16,4,246,25,16,41,236.629,93,0,1,0,1,0,0,67,170,23,8
3,28,15/12/16,4,179,51,18,38,236.629,93,0,1,0,1,0,0,89,170,31,1
3,28,16/12/16,4,179,51,18,38,236.629,93,0,1,0,1,0,0,89,170,31,1
22,23,20/12/16,4,179,26,9,30,236.629,93,0,3,0,0,0,0,56,171,19,1
34,25,20/12/16,4,118,10,10,37,236.629,93,0,1,0,0,0,0,83,172,28,8
1,25,22/12/16,4,235,11,14,37,236.629,93,0,3,1,0,0,1,88,172,29,2
3,28,23/12/16,4,179,51,18,38,236.629,93,0,1,0,1,0,0,89,170,31,1
5,13,20/12/16,2,235,20,13,43,236.629,93,0,1,1,1,0,0,106,167,38,8
1,14,20/12/16,2,235,11,14,37,236.629,93,0,3,1,0,0,1,88,172,29,4
20,26,21/12/16,2,260,50,11,36,236.629,93,0,1,4,1,0,0,65,168,23,8
30,28,19/12/16,2,157,27,6,29,236.629,93,0,1,0,1,1,0,75,185,22,2
3,28,19/12/16,2,179,51,18,38,236.629,93,0,1,0,1,0,0,89,170,31,3
11,19,19/12/16,2,289,36,13,33,236.629,93,0,1,2,1,0,1,90,172,30,8
28,23,4/1/17,2,225,26,9,28,330.061,100,0,1,1,0,0,2,69,169,24,5
34,19,9/1/17,2,118,10,10,37,330.061,100,0,1,0,0,0,0,83,172,28,32
14,23,9/1/17,2,155,12,14,34,330.061,100,0,1,2,1,0,0,95,196,25,2
1,13,3/1/17,2,235,11,14,37,330.061,100,0,3,1,0,0,1,88,172,29,1
14,23,3/1/17,2,155,12,14,34,330.061,100,0,1,2,1,0,0,95,196,25,4
11,26,9/1/17,2,289,36,13,33,330.061,100,0,1,2,1,0,1,90,172,30,8
15,3,11/1/17,2,291,31,12,40,330.061,100,0,1,1,1,0,1,73,171,25,8
5,26,16/1/17,2,235,20,13,43,330.061,100,0,1,1,1,0,0,106,167,38,8
36,26,16/1/17,2,118,13,18,50,330.061,100,0,1,1,1,0,0,98,178,31,4
3,28,25/1/17,2,179,51,18,38,330.061,100,0,1,0,1,0,0,89,170,31,1
3,28,27/1/17,2,179,51,18,38,330.061,100,0,1,0,1,0,0,89,170,31,1
34,28,7/2/17,2,118,10,10,37,251.818,96,0,1,0,0,0,0,83,172,28,2
3,27,1/2/17,2,179,51,18,38,251.818,96,0,1,0,1,0,0,89,170,31,3
28,7,1/2/17,2,225,26,9,28,251.818,96,0,1,1,0,0,2,69,169,24,1
11,22,3/2/17,2,289,36,13,33,251.818,96,0,1,2,1,0,1,90,172,30,3
20,28,10/2/17,2,260,50,11,36,251.818,96,0,1,4,1,0,0,65,168,23,3
3,23,17/2/17,2,179,51,18,38,251.818,96,0,1,0,1,0,0,89,170,31,3
3,27,13/2/17,2,179,51,18,38,251.818,96,0,1,0,1,0,0,89,170,31,2
3,27,15/2/17,2,179,51,18,38,251.818,96,0,1,0,1,0,0,89,170,31,3
3,10,16/2/17,2,179,51,18,38,251.818,96,0,1,0,1,0,0,89,170,31,8
24,26,16/2/17,2,246,25,16,41,251.818,96,0,1,0,1,0,0,67,170,23,8
3,27,17/2/17,2,179,51,18,38,251.818,96,0,1,0,1,0,0,89,170,31,3
6,22,13/2/17,2,189,29,13,33,251.818,96,0,1,2,0,0,2,69,167,25,8
3,27,13/2/17,2,179,51,18,38,251.818,96,0,1,0,1,0,0,89,170,31,3
24,23,21/2/17,2,246,25,16,41,251.818,96,0,1,0,1,0,0,67,170,23,2
15,23,21/2/17,2,291,31,12,40,251.818,96,0,1,1,1,0,1,73,171,25,2
30,11,22/2/17,2,157,27,6,29,251.818,96,0,1,0,1,1,0,75,185,22,16
3,27,22/2/17,2,179,51,18,38,251.818,96,0,1,0,1,0,0,89,170,31,3
3,27,24/2/17,2,179,51,18,38,251.818,96,0,1,0,1,0,0,89,170,31,3
24,10,24/2/17,2,246,25,16,41,251.818,96,0,1,0,1,0,0,67,170,23,24
3,27,22/2/17,2,179,51,18,38,251.818,96,0,1,0,1,0,0,89,170,31,3
3,27,24/2/17,2,179,51,18,38,251.818,96,0,1,0,1,0,0,89,170,31,3
34,18,7/3/17,2,118,10,10,37,244.387,98,0,1,0,0,0,0,83,172,28,8
24,19,8/3/17,2,246,25,16,41,244.387,98,0,1,0,1,0,0,67,170,23,16
24,28,10/3/17,2,246,25,16,41,244.387,98,0,1,0,1,0,0,67,170,23,2
20,28,10/3/17,2,260,50,11,36,244.387,98,0,1,4,1,0,0,65,168,23,4
3,28,13/3/17,2,179,51,18,38,244.387,98,0,1,0,1,0,0,89,170,31,2
1,22,13/3/17,2,235,11,14,37,244.387,98,0,3,1,0,0,1,88,172,29,8
17,22,14/3/17,2,179,22,17,40,244.387,98,0,2,2,0,1,0,63,170,22,8
23,22,14/3/17,2,378,49,11,36,244.387,98,0,1,2,0,1,4,65,174,21,8
3,28,20/3/17,2,179,51,18,38,244.387,98,0,1,0,1,0,0,89,170,31,16
10,22,22/3/17,2,361,52,3,28,244.387,98,0,1,1,1,0,4,80,172,27,8
13,0,22/3/17,2,369,17,12,31,244.387,98,1,1,3,1,0,0,70,169,25,0
1,21,23/3/17,2,235,11,14,37,244.387,98,0,3,1,0,0,1,88,172,29,8
36,23,24/3/17,3,118,13,18,50,244.387,98,0,1,1,1,0,0,98,178,31,2
36,14,28/3/17,3,118,13,18,50,244.387,98,0,1,1,1,0,0,98,178,31,3
36,13,29/3/17,3,118,13,18,50,244.387,98,0,1,1,1,0,0,98,178,31,8
1,0,30/3/17,3,235,11,14,37,244.387,98,1,3,1,0,0,1,88,172,29,0
24,0,30/3/17,3,246,25,16,41,244.387,98,1,1,0,1,0,0,67,170,23,0
36,0,30/3/17,3,118,13,18,50,244.387,98,1,1,1,1,0,0,98,178,31,0
3,28,31/3/17,3,179,51,18,38,244.387,98,0,1,0,1,0,0,89,170,31,8
11,22,31/3/17,3,289,36,13,33,244.387,98,0,1,2,1,0,1,90,172,30,8
20,19,27/3/17,3,260,50,11,36,244.387,98,0,1,4,1,0,0,65,168,23,8
24,28,28/3/17,3,246,25,16,41,244.387,98,0,1,0,1,0,0,67,170,23,2
3,28,5/4/17,3,179,51,18,38,239.409,98,0,1,0,1,0,0,89,170,31,4
20,28,7/4/17,3,260,50,11,36,239.409,98,0,1,4,1,0,0,65,168,23,3
18,26,7/4/17,3,330,16,4,28,239.409,98,0,2,0,0,0,0,84,182,25,4
13,22,10/4/17,3,369,17,12,31,239.409,98,0,1,3,1,0,0,70,169,25,4
33,26,10/4/17,3,248,25,14,47,239.409,98,0,1,2,0,0,1,86,165,32,4
18,23,12/4/17,3,330,16,4,28,239.409,98,0,2,0,0,0,0,84,182,25,8
3,28,12/4/17,3,179,51,18,38,239.409,98,0,1,0,1,0,0,89,170,31,8
36,23,17/4/17,3,118,13,18,50,239.409,98,0,1,1,1,0,0,98,178,31,1
36,13,19/4/17,3,118,13,18,50,239.409,98,0,1,1,1,0,0,98,178,31,120
26,28,28/4/17,3,300,26,13,43,239.409,98,0,1,2,1,1,1,77,175,25,8
20,28,28/4/17,3,260,50,11,36,239.409,98,0,1,4,1,0,0,65,168,23,4
3,28,24/4/17,3,179,51,18,38,239.409,98,0,1,0,1,0,0,89,170,31,4
34,11,26/4/17,3,118,10,10,37,239.409,98,0,1,0,0,0,0,83,172,28,2
5,13,1/5/17,3,235,20,13,43,246.074,99,0,1,1,1,0,0,106,167,38,16
33,23,3/5/17,3,248,25,14,47,246.074,99,0,1,2,0,0,1,86,165,32,2
13,10,8/5/17,3,369,17,12,31,246.074,99,0,1,3,1,0,0,70,169,25,8
22,23,10/5/17,3,179,26,9,30,246.074,99,0,3,0,0,0,0,56,171,19,3
3,28,10/5/17,3,179,51,18,38,246.074,99,0,1,0,1,0,0,89,170,31,4
10,23,11/5/17,3,361,52,3,28,246.074,99,0,1,1,1,0,4,80,172,27,1
20,28,12/5/17,3,260,50,11,36,246.074,99,0,1,4,1,0,0,65,168,23,3
17,11,15/5/17,3,179,22,17,40,246.074,99,0,2,2,0,1,0,63,170,22,2
17,8,15/5/17,3,179,22,17,40,246.074,99,0,2,2,0,1,0,63,170,22,3
9,18,17/5/17,3,228,14,16,58,246.074,99,0,1,2,0,0,1,65,172,22,8
28,25,17/5/17,3,225,26,9,28,246.074,99,0,1,1,0,0,2,69,169,24,3
18,13,19/5/17,3,330,16,4,28,246.074,99,0,2,0,0,0,0,84,182,25,8
22,25,22/5/17,3,179,26,9,30,246.074,99,0,3,0,0,0,0,56,171,19,2
34,28,22/5/17,3,118,10,10,37,246.074,99,0,1,0,0,0,0,83,172,28,1
1,1,29/5/17,3,235,11,14,37,246.074,99,0,3,1,0,0,1,88,172,29,8
22,23,31/5/17,3,179,26,9,30,246.074,99,0,3,0,0,0,0,56,171,19,3
34,23,5/6/17,3,118,10,10,37,253.957,95,0,1,0,0,0,0,83,172,28,3
3,28,5/6/17,3,179,51,18,38,253.957,95,0,1,0,1,0,0,89,170,31,3
34,28,6/6/17,3,118,10,10,37,253.957,95,0,1,0,0,0,0,83,172,28,2
28,23,8/6/17,3,225,26,9,28,253.957,95,0,1,1,0,0,2,69,169,24,4
20,28,9/6/17,3,260,50,11,36,253.957,95,0,1,4,1,0,0,65,168,23,4
3,0,9/6/17,3,179,51,18,38,253.957,95,1,1,0,1,0,0,89,170,31,0
15,13,12/6/17,3,291,31,12,40,253.957,95,0,1,1,1,0,1,73,171,25,40
3,28,12/6/17,3,179,51,18,38,253.957,95,0,1,0,1,0,0,89,170,31,24
24,28,13/6/17,3,246,25,16,41,253.957,95,0,1,0,1,0,0,67,170,23,3
3,28,19/6/17,3,179,51,18,38,253.957,95,0,1,0,1,0,0,89,170,31,4
5,26,20/6/17,3,235,20,13,43,253.957,95,0,1,1,1,0,0,106,167,38,8
3,28,26/6/17,1,179,51,18,38,253.957,95,0,1,0,1,0,0,89,170,31,2
28,23,28/6/17,1,225,26,9,28,253.957,95,0,1,1,0,0,2,69,169,24,2
36,23,28/6/17,1,118,13,18,50,253.957,95,0,1,1,1,0,0,98,178,31,2
3,5,28/6/17,1,179,51,18,38,253.957,95,0,1,0,1,0,0,89,170,31,8
22,21,28/6/17,1,179,26,9,30,253.957,95,0,3,0,0,0,0,56,171,19,2
24,28,30/6/17,1,246,25,16,41,253.957,95,0,1,0,1,0,0,67,170,23,2
18,11,27/6/17,1,330,16,4,28,253.957,95,0,2,0,0,0,0,84,182,25,1
1,13,27/6/17,1,235,11,14,37,253.957,95,0,3,1,0,0,1,88,172,29,8
22,23,6/7/17,1,179,26,9,30,230.29,92,0,3,0,0,0,0,56,171,19,2
28,25,6/7/17,1,225,26,9,28,230.29,92,0,1,1,0,0,2,69,169,24,4
20,13,7/7/17,1,260,50,11,36,230.29,92,0,1,4,1,0,0,65,168,23,8
21,7,10/7/17,1,268,11,8,33,230.29,92,0,2,0,0,0,0,79,178,25,8
18,25,14/7/17,1,330,16,4,28,230.29,92,0,2,0,0,0,0,84,182,25,8
34,26,14/7/17,1,118,10,10,37,230.29,92,0,1,0,0,0,0,83,172,28,8
20,26,17/7/17,1,260,50,11,36,230.29,92,0,1,4,1,0,0,65,168,23,4
34,28,18/7/17,1,118,10,10,37,230.29,92,0,1,0,0,0,0,83,172,28,8
26,15,24/7/17,1,300,26,13,43,230.29,92,0,1,2,1,1,1,77,175,25,8
2,23,24/7/17,1,235,29,12,48,230.29,92,0,1,1,0,1,5,88,163,33,1
24,28,25/7/17,1,246,25,16,41,230.29,92,0,1,0,1,0,0,67,170,23,2
28,9,25/7/17,1,225,26,9,28,230.29,92,0,1,1,0,0,2,69,169,24,112
3,28,25/7/17,1,179,51,18,38,230.29,92,0,1,0,1,0,0,89,170,31,1
36,23,28/7/17,1,118,13,18,50,230.29,92,0,1,1,1,0,0,98,178,31,1
10,22,28/7/17,1,361,52,3,28,230.29,92,0,1,1,1,0,4,80,172,27,8
11,22,24/7/17,1,289,36,13,33,230.29,92,0,1,2,1,0,1,90,172,30,8
5,26,24/7/17,1,235,20,13,43,230.29,92,0,1,1,1,0,0,106,167,38,8
24,28,25/7/17,1,246,25,16,41,230.29,92,0,1,0,1,0,0,67,170,23,2
15,28,27/7/17,1,291,31,12,40,230.29,92,0,1,1,1,0,1,73,171,25,1
7,23,27/7/17,1,279,5,14,39,230.29,92,0,1,2,1,1,0,68,168,24,2
3,25,3/8/17,1,179,51,18,38,249.797,93,0,1,0,1,0,0,89,170,31,4
17,25,7/8/17,1,179,22,17,40,249.797,93,0,2,2,0,1,0,63,170,22,1
24,28,8/8/17,1,246,25,16,41,249.797,93,0,1,0,1,0,0,67,170,23,4
34,28,8/8/17,1,118,10,10,37,249.797,93,0,1,0,0,0,0,83,172,28,4
11,26,8/8/17,1,289,36,13,33,249.797,93,0,1,2,1,0,1,90,172,30,8
5,26,8/8/17,1,235,20,13,43,249.797,93,0,1,1,1,0,0,106,167,38,8
15,28,10/8/17,1,291,31,12,40,249.797,93,0,1,1,1,0,1,73,171,25,4
3,25,14/8/17,1,179,51,18,38,249.797,93,0,1,0,1,0,0,89,170,31,4
17,25,15/8/17,1,179,22,17,40,249.797,93,0,2,2,0,1,0,63,170,22,8
18,23,17/8/17,1,330,16,4,28,249.797,93,0,2,0,0,0,0,84,182,25,16
1,23,22/8/17,1,235,11,14,37,249.797,93,0,3,1,0,0,1,88,172,29,4
24,28,22/8/17,1,246,25,16,41,249.797,93,0,1,0,1,0,0,67,170,23,1
34,28,22/8/17,1,118,10,10,37,249.797,93,0,1,0,0,0,0,83,172,28,5
15,28,24/8/17,1,291,31,12,40,249.797,93,0,1,1,1,0,1,73,171,25,2
20,28,28/8/17,1,260,50,11,36,249.797,93,0,1,4,1,0,0,65,168,23,3
24,28,5/9/17,1,246,25,16,41,261.756,87,0,1,0,1,0,0,67,170,23,1
24,28,5/9/17,1,246,25,16,41,261.756,87,0,1,0,1,0,0,67,170,23,1
34,28,5/9/17,1,118,10,10,37,261.756,87,0,1,0,0,0,0,83,172,28,3
14,23,5/9/17,1,155,12,14,34,261.756,87,0,1,2,1,0,0,95,196,25,2
15,28,7/9/17,1,291,31,12,40,261.756,87,0,1,1,1,0,1,73,171,25,2
22,23,8/9/17,1,179,26,9,30,261.756,87,0,3,0,0,0,0,56,171,19,8
33,23,8/9/17,1,248,25,14,47,261.756,87,0,1,2,0,0,1,86,165,32,1
3,23,11/9/17,1,179,51,18,38,261.756,87,0,1,0,1,0,0,89,170,31,4
28,23,13/9/17,1,225,26,9,28,261.756,87,0,1,1,0,0,2,69,169,24,1
22,23,18/9/17,1,179,26,9,30,261.756,87,0,3,0,0,0,0,56,171,19,2
13,23,19/9/17,4,369,17,12,31,261.756,87,0,1,3,1,0,0,70,169,25,8
10,22,26/9/17,4,361,52,3,28,261.756,87,0,1,1,1,0,4,80,172,27,8
32,4,5/10/17,4,289,48,29,49,284.853,91,0,1,0,0,0,2,108,172,36,1
25,11,5/10/17,4,235,16,8,32,284.853,91,0,3,0,0,0,0,75,178,25,3
24,26,6/10/17,4,246,25,16,41,284.853,91,0,1,0,1,0,0,67,170,23,8
32,14,11/10/17,4,289,48,29,49,284.853,91,0,1,0,0,0,2,108,172,36,3
15,28,11/10/17,4,291,31,12,40,284.853,91,0,1,1,1,0,1,73,171,25,2
34,23,17/10/17,4,118,10,10,37,284.853,91,0,1,0,0,0,0,83,172,28,2
32,23,19/10/17,4,289,48,29,49,284.853,91,0,1,0,0,0,2,108,172,36,2
15,23,20/10/17,4,291,31,12,40,284.853,91,0,1,1,1,0,1,73,171,25,1
28,23,24/10/17,4,225,26,9,28,284.853,91,0,1,1,0,0,2,69,169,24,2
13,23,24/10/17,4,369,17,12,31,284.853,91,0,1,3,1,0,0,70,169,25,8
13,23,24/10/17,4,369,17,12,31,284.853,91,0,1,3,1,0,0,70,169,25,3
28,23,24/10/17,4,225,26,9,28,284.853,91,0,1,1,0,0,2,69,169,24,4
13,26,24/10/17,4,369,17,12,31,284.853,91,0,1,3,1,0,0,70,169,25,8
3,28,25/10/17,4,179,51,18,38,284.853,91,0,1,0,1,0,0,89,170,31,3
9,1,25/10/17,4,228,14,16,58,284.853,91,0,1,2,0,0,1,65,172,22,1
15,23,25/10/17,4,291,31,12,40,284.853,91,0,1,1,1,0,1,73,171,25,1
13,10,26/10/17,4,369,17,12,31,284.853,91,0,1,3,1,0,0,70,169,25,8
28,13,26/10/17,4,225,26,9,28,284.853,91,0,1,1,0,0,2,69,169,24,1
13,10,27/10/17,4,369,17,12,31,284.853,91,0,1,3,1,0,0,70,169,25,8
28,10,27/10/17,4,225,26,9,28,284.853,91,0,1,1,0,0,2,69,169,24,3
6,23,29/10/17,4,189,29,13,33,284.853,91,0,1,2,0,0,2,69,167,25,8
25,6,29/10/17,4,235,16,8,32,284.853,91,0,3,0,0,0,0,75,178,25,8
33,10,29/10/17,4,248,25,14,47,284.853,91,0,1,2,0,0,1,86,165,32,8
28,0,29/10/17,4,225,26,9,28,284.853,91,1,1,1,0,0,2,69,169,24,0
28,13,31/10/17,4,225,26,9,28,284.853,91,0,1,1,0,0,2,69,169,24,3
3,21,7/11/17,4,179,51,18,38,268.519,93,0,1,0,1,0,0,89,170,31,1
34,28,8/11/17,4,118,10,10,37,268.519,93,0,1,0,0,0,0,83,172,28,3
18,2,8/11/17,4,330,16,4,28,268.519,93,0,2,0,0,0,0,84,182,25,24
3,28,10/11/17,4,179,51,18,38,268.519,93,0,1,0,1,0,0,89,170,31,1
34,9,14/11/17,4,118,10,10,37,268.519,93,0,1,0,0,0,0,83,172,28,8
11,24,15/11/17,4,289,36,13,33,268.519,93,0,1,2,1,0,1,90,172,30,8
25,1,17/11/17,4,235,16,8,32,268.519,93,0,3,0,0,0,0,75,178,25,8
28,23,17/11/17,4,225,26,9,28,268.519,93,0,1,1,0,0,2,69,169,24,4
10,22,21/11/17,4,361,52,3,28,268.519,93,0,1,1,1,0,4,80,172,27,8
15,28,22/11/17,4,291,31,12,40,268.519,93,0,1,1,1,0,1,73,171,25,2
34,13,23/11/17,4,118,10,10,37,268.519,93,0,1,0,0,0,0,83,172,28,2
28,14,23/11/17,4,225,26,9,28,268.519,93,0,1,1,0,0,2,69,169,24,3
3,28,27/11/17,4,179,51,18,38,268.519,93,0,1,0,1,0,0,89,170,31,1
34,23,27/11/17,4,118,10,10,37,268.519,93,0,1,0,0,0,0,83,172,28,8
34,8,28/11/17,4,118,10,10,37,268.519,93,0,1,0,0,0,0,83,172,28,8
28,23,28/11/17,4,225,26,9,28,268.519,93,0,1,1,0,0,2,69,169,24,2
15,0,28/11/17,4,291,31,12,40,268.519,93,1,1,1,1,0,1,73,171,25,0
11,0,29/11/17,4,289,36,13,33,268.519,93,1,1,2,1,0,1,90,172,30,0
33,14,30/11/17,4,248,25,14,47,268.519,93,0,1,2,0,0,1,86,165,32,4
5,0,30/11/17,4,235,20,13,43,268.519,93,1,1,1,1,0,0,106,167,38,0
28,23,24/11/17,4,225,26,9,28,268.519,93,0,1,1,0,0,2,69,169,24,2
13,26,24/11/17,4,369,17,12,31,268.519,93,0,1,3,1,0,0,70,169,25,8
10,28,27/11/17,4,361,52,3,28,268.519,93,0,1,1,1,0,4,80,172,27,2
3,13,5/12/17,4,179,51,18,38,280.549,98,0,1,0,1,0,0,89,170,31,32
15,28,6/12/17,4,291,31,12,40,280.549,98,0,1,1,1,0,1,73,171,25,1
28,23,6/12/17,4,225,26,9,28,280.549,98,0,1,1,0,0,2,69,169,24,3
22,13,8/12/17,4,179,26,9,30,280.549,98,0,3,0,0,0,0,56,171,19,1
28,23,8/12/17,4,225,26,9,28,280.549,98,0,1,1,0,0,2,69,169,24,3
28,23,13/12/17,4,225,26,9,28,280.549,98,0,1,1,0,0,2,69,169,24,3
10,14,14/12/17,4,361,52,3,28,280.549,98,0,1,1,1,0,4,80,172,27,4
17,18,15/12/17,4,179,22,17,40,280.549,98,0,2,2,0,1,0,63,170,22,2
5,26,15/12/17,4,235,20,13,43,280.549,98,0,1,1,1,0,0,106,167,38,8
12,18,18/12/17,4,233,51,1,31,280.549,98,0,2,1,1,0,8,68,178,21,8
22,13,19/12/17,4,179,26,9,30,280.549,98,0,3,0,0,0,0,56,171,19,16
28,23,19/12/17,4,225,26,9,28,280.549,98,0,1,1,0,0,2,69,169,24,2
28,23,21/12/17,4,225,26,9,28,280.549,98,0,1,1,0,0,2,69,169,24,3
28,23,18/12/17,4,225,26,9,28,280.549,98,0,1,1,0,0,2,69,169,24,2
14,18,19/12/17,2,155,12,14,34,280.549,98,0,1,2,1,0,0,95,196,25,80
22,12,1/1/18,2,179,26,9,30,313.532,96,0,3,0,0,0,0,56,171,19,24
22,12,4/1/18,2,179,26,9,30,313.532,96,0,3,0,0,0,0,56,171,19,16
17,25,4/1/18,2,179,22,17,40,313.532,96,0,2,2,0,1,0,63,170,22,2
17,25,5/1/18,2,179,22,17,40,313.532,96,0,2,2,0,1,0,63,170,22,2
22,13,8/1/18,2,179,26,9,30,313.532,96,0,3,0,0,0,0,56,171,19,3
17,25,10/1/18,2,179,22,17,40,313.532,96,0,2,2,0,1,0,63,170,22,2
32,10,11/1/18,2,289,48,29,49,313.532,96,0,1,0,0,0,2,108,172,36,8
17,18,12/1/18,2,179,22,17,40,313.532,96,0,2,2,0,1,0,63,170,22,3
22,27,15/1/18,2,179,26,9,30,313.532,96,0,3,0,0,0,0,56,171,19,2
14,18,16/1/18,2,155,12,14,34,313.532,96,0,1,2,1,0,0,95,196,25,8
22,27,17/1/18,2,179,26,9,30,313.532,96,0,3,0,0,0,0,56,171,19,2
3,27,17/1/18,2,179,51,18,38,313.532,96,0,1,0,1,0,0,89,170,31,3
11,13,17/1/18,2,289,36,13,33,313.532,96,0,1,2,1,0,1,90,172,30,8
3,27,18/1/18,2,179,51,18,38,313.532,96,0,1,0,1,0,0,89,170,31,3
3,27,26/1/18,2,179,51,18,38,313.532,96,0,1,0,1,0,0,89,170,31,2
3,13,6/2/18,2,179,51,18,38,264.249,97,0,1,0,1,0,0,89,170,31,8
28,23,6/2/18,2,225,26,9,28,264.249,97,0,1,1,0,0,2,69,169,24,3
33,1,7/2/18,2,248,25,14,47,264.249,97,0,1,2,0,0,1,86,165,32,8
3,27,7/2/18,2,179,51,18,38,264.249,97,0,1,0,1,0,0,89,170,31,2
28,28,8/2/18,2,225,26,9,28,264.249,97,0,1,1,0,0,2,69,169,24,3
3,27,8/2/18,2,179,51,18,38,264.249,97,0,1,0,1,0,0,89,170,31,2
22,27,8/2/18,2,179,26,9,30,264.249,97,0,3,0,0,0,0,56,171,19,2
29,28,9/2/18,2,225,15,15,41,264.249,97,0,4,2,1,0,2,94,182,28,2
3,27,9/2/18,2,179,51,18,38,264.249,97,0,1,0,1,0,0,89,170,31,2
12,19,12/2/18,2,233,51,1,31,264.249,97,0,2,1,1,0,8,68,178,21,2
3,27,12/2/18,2,179,51,18,38,264.249,97,0,1,0,1,0,0,89,170,31,2
28,7,13/2/18,2,225,26,9,28,264.249,97,0,1,1,0,0,2,69,169,24,8
3,27,14/2/18,2,179,51,18,38,264.249,97,0,1,0,1,0,0,89,170,31,3
3,27,15/2/18,2,179,51,18,38,264.249,97,0,1,0,1,0,0,89,170,31,3
28,25,15/2/18,2,225,26,9,28,264.249,97,0,1,1,0,0,2,69,169,24,3
22,13,15/2/18,2,179,26,9,30,264.249,97,0,3,0,0,0,0,56,171,19,2
17,23,16/2/18,2,179,22,17,40,264.249,97,0,2,2,0,1,0,63,170,22,2
3,27,16/2/18,2,179,51,18,38,264.249,97,0,1,0,1,0,0,89,170,31,3
12,12,21/2/18,2,233,51,1,31,264.249,97,0,2,1,1,0,8,68,178,21,3
22,27,21/2/18,2,179,26,9,30,264.249,97,0,3,0,0,0,0,56,171,19,2
3,27,21/2/18,2,179,51,18,38,264.249,97,0,1,0,1,0,0,89,170,31,2
3,13,22/2/18,2,179,51,18,38,264.249,97,0,1,0,1,0,0,89,170,31,8
3,27,23/2/18,2,179,51,18,38,264.249,97,0,1,0,1,0,0,89,170,31,2
14,25,26/2/18,2,155,12,14,34,264.249,97,0,1,2,1,0,0,95,196,25,5
25,25,26/2/18,2,235,16,8,32,264.249,97,0,3,0,0,0,0,75,178,25,3
3,27,26/2/18,2,179,51,18,38,264.249,97,0,1,0,1,0,0,89,170,31,2
28,7,26/2/18,2,225,26,9,28,264.249,97,0,1,1,0,0,2,69,169,24,2
3,27,27/2/18,2,179,51,18,38,264.249,97,0,1,0,1,0,0,89,170,31,2
33,23,27/2/18,2,248,25,14,47,264.249,97,0,1,2,0,0,1,86,165,32,2
28,25,27/2/18,2,225,26,9,28,264.249,97,0,1,1,0,0,2,69,169,24,2
3,27,28/2/18,2,179,51,18,38,264.249,97,0,1,0,1,0,0,89,170,31,2
3,27,22/2/18,2,179,51,18,38,264.249,97,0,1,0,1,0,0,89,170,31,2
25,25,23/2/18,2,235,16,8,32,264.249,97,0,3,0,0,0,0,75,178,25,2
3,27,5/3/18,2,179,51,18,38,222.196,99,0,1,0,1,0,0,89,170,31,2
33,23,5/3/18,2,248,25,14,47,222.196,99,0,1,2,0,0,1,86,165,32,2
9,25,6/3/18,2,228,14,16,58,222.196,99,0,1,2,0,0,1,65,172,22,3
33,25,6/3/18,2,248,25,14,47,222.196,99,0,1,2,0,0,1,86,165,32,3
9,12,6/3/18,2,228,14,16,58,222.196,99,0,1,2,0,0,1,65,172,22,112
3,27,7/3/18,2,179,51,18,38,222.196,99,0,1,0,1,0,0,89,170,31,2
28,27,8/3/18,2,225,26,9,28,222.196,99,0,1,1,0,0,2,69,169,24,2
3,27,8/3/18,2,179,51,18,38,222.196,99,0,1,0,1,0,0,89,170,31,3
28,25,8/3/18,2,225,26,9,28,222.196,99,0,1,1,0,0,2,69,169,24,2
22,27,9/3/18,2,179,26,9,30,222.196,99,0,3,0,0,0,0,56,171,19,3
25,25,12/3/18,2,235,16,8,32,222.196,99,0,3,0,0,0,0,75,178,25,3
10,19,12/3/18,2,361,52,3,28,222.196,99,0,1,1,1,0,4,80,172,27,8
3,13,13/3/18,2,179,51,18,38,222.196,99,0,1,0,1,0,0,89,170,31,8
3,27,14/3/18,2,179,51,18,38,222.196,99,0,1,0,1,0,0,89,170,31,2
3,27,15/3/18,2,179,51,18,38,222.196,99,0,1,0,1,0,0,89,170,31,3
22,27,16/3/18,2,179,26,9,30,222.196,99,0,3,0,0,0,0,56,171,19,2
3,10,19/3/18,2,179,51,18,38,222.196,99,0,1,0,1,0,0,89,170,31,4
33,13,19/3/18,2,248,25,14,47,222.196,99,0,1,2,0,0,1,86,165,32,2
3,27,19/3/18,2,179,51,18,38,222.196,99,0,1,0,1,0,0,89,170,31,3
28,7,19/3/18,2,225,26,9,28,222.196,99,0,1,1,0,0,2,69,169,24,8
3,27,20/3/18,2,179,51,18,38,222.196,99,0,1,0,1,0,0,89,170,31,2
11,23,21/3/18,2,289,36,13,33,222.196,99,0,1,2,1,0,1,90,172,30,8
9,25,21/3/18,2,228,14,16,58,222.196,99,0,1,2,0,0,1,65,172,22,2
3,27,21/3/18,2,179,51,18,38,222.196,99,0,1,0,1,0,0,89,170,31,2
33,23,22/3/18,2,248,25,14,47,222.196,99,0,1,2,0,0,1,86,165,32,3
3,27,22/3/18,2,179,51,18,38,222.196,99,0,1,0,1,0,0,89,170,31,3
22,23,23/3/18,2,179,26,9,30,222.196,99,0,3,0,0,0,0,56,171,19,2
3,27,23/3/18,2,179,51,18,38,222.196,99,0,1,0,1,0,0,89,170,31,3
3,27,27/3/18,3,179,51,18,38,222.196,99,0,1,0,1,0,0,89,170,31,3
16,23,28/3/18,3,118,15,24,46,222.196,99,0,1,2,1,1,0,75,175,25,8
14,13,28/3/18,3,155,12,14,34,222.196,99,0,1,2,1,0,0,95,196,25,24
3,27,28/3/18,3,179,51,18,38,222.196,99,0,1,0,1,0,0,89,170,31,3
3,27,29/3/18,3,179,51,18,38,222.196,99,0,1,0,1,0,0,89,170,31,3
22,13,26/3/18,3,179,26,9,30,222.196,99,0,3,0,0,0,0,56,171,19,2
11,19,26/3/18,3,289,36,13,33,222.196,99,0,1,2,1,0,1,90,172,30,104
13,22,28/3/18,3,369,17,12,31,222.196,99,0,1,3,1,0,0,70,169,25,8
28,13,2/4/18,3,225,26,9,28,246.288,91,0,1,1,0,0,2,69,169,24,8
34,10,2/4/18,3,118,10,10,37,246.288,91,0,1,0,0,0,0,83,172,28,8
10,19,3/4/18,3,361,52,3,28,246.288,91,0,1,1,1,0,4,80,172,27,8
33,19,4/4/18,3,248,25,14,47,246.288,91,0,1,2,0,0,1,86,165,32,8
6,13,5/4/18,3,189,29,13,33,246.288,91,0,1,2,0,0,2,69,167,25,8
22,27,6/4/18,3,179,26,9,30,246.288,91,0,3,0,0,0,0,56,171,19,2
13,7,9/4/18,3,369,17,12,31,246.288,91,0,1,3,1,0,0,70,169,25,24
17,16,10/4/18,3,179,22,17,40,246.288,91,0,2,2,0,1,0,63,170,22,2
36,23,10/4/18,3,118,13,18,50,246.288,91,0,1,1,1,0,0,98,178,31,3
10,23,10/4/18,3,361,52,3,28,246.288,91,0,1,1,1,0,4,80,172,27,2
34,10,11/4/18,3,118,10,10,37,246.288,91,0,1,0,0,0,0,83,172,28,2
1,22,13/4/18,3,235,11,14,37,246.288,91,0,3,1,0,0,1,88,172,29,8
22,27,13/4/18,3,179,26,9,30,246.288,91,0,3,0,0,0,0,56,171,19,2
28,19,16/4/18,3,225,26,9,28,246.288,91,0,1,1,0,0,2,69,169,24,8
25,16,17/4/18,3,235,16,8,32,246.288,91,0,3,0,0,0,0,75,178,25,3
22,27,20/4/18,3,179,26,9,30,246.288,91,0,3,0,0,0,0,56,171,19,2
14,28,24/4/18,3,155,12,14,34,246.288,91,0,1,2,1,0,0,95,196,25,4
28,19,26/4/18,3,225,26,9,28,246.288,91,0,1,1,0,0,2,69,169,24,8
36,14,26/4/18,3,118,13,18,50,246.288,91,0,1,1,1,0,0,98,178,31,2
22,27,27/4/18,3,179,26,9,30,246.288,91,0,3,0,0,0,0,56,171,19,2
1,22,7/5/18,3,235,11,14,37,237.656,99,0,3,1,0,0,1,88,172,29,8
29,19,9/5/18,3,225,15,15,41,237.656,99,0,4,2,1,0,2,94,182,28,3
25,28,9/5/18,3,235,16,8,32,237.656,99,0,3,0,0,0,0,75,178,25,2
34,8,9/5/18,3,118,10,10,37,237.656,99,0,1,0,0,0,0,83,172,28,3
5,26,9/5/18,3,235,20,13,43,237.656,99,0,1,1,1,0,0,106,167,38,8
22,13,10/5/18,3,179,26,9,30,237.656,99,0,3,0,0,0,0,56,171,19,1
15,28,10/5/18,3,291,31,12,40,237.656,99,0,1,1,1,0,1,73,171,25,2
29,14,10/5/18,3,225,15,15,41,237.656,99,0,4,2,1,0,2,94,182,28,8
26,19,11/5/18,3,300,26,13,43,237.656,99,0,1,2,1,1,1,77,175,25,64
29,22,11/5/18,3,225,15,15,41,237.656,99,0,4,2,1,0,2,94,182,28,8
22,27,11/5/18,3,179,26,9,30,237.656,99,0,3,0,0,0,0,56,171,19,2
36,23,14/5/18,3,118,13,18,50,237.656,99,0,1,1,1,0,0,98,178,31,2
36,5,15/5/18,3,118,13,18,50,237.656,99,0,1,1,1,0,0,98,178,31,3
34,28,15/5/18,3,118,10,10,37,237.656,99,0,1,0,0,0,0,83,172,28,1
36,0,15/5/18,3,118,13,18,50,237.656,99,1,1,1,1,0,0,98,178,31,0
22,27,16/5/18,3,179,26,9,30,237.656,99,0,3,0,0,0,0,56,171,19,2
23,0,16/5/18,3,378,49,11,36,237.656,99,1,1,2,0,1,4,65,174,21,0
17,16,18/5/18,3,179,22,17,40,237.656,99,0,2,2,0,1,0,63,170,22,1
14,10,21/5/18,3,155,12,14,34,237.656,99,0,1,2,1,0,0,95,196,25,48
25,10,21/5/18,3,235,16,8,32,237.656,99,0,3,0,0,0,0,75,178,25,8
15,22,23/5/18,3,291,31,12,40,237.656,99,0,1,1,1,0,1,73,171,25,8
17,10,23/5/18,3,179,22,17,40,237.656,99,0,2,2,0,1,0,63,170,22,8
28,6,23/5/18,3,225,26,9,28,237.656,99,0,1,1,0,0,2,69,169,24,3
18,10,24/5/18,3,330,16,4,28,237.656,99,0,2,0,0,0,0,84,182,25,8
25,23,24/5/18,3,235,16,8,32,237.656,99,0,3,0,0,0,0,75,178,25,2
15,28,31/5/18,3,291,31,12,40,237.656,99,0,1,1,1,0,1,73,171,25,2