customer_id,age,age_youngest_child,debt_equity,gender,bad_payment,gold_card,pension_plan,household_debt_to_equity_ratio,income,members_in_household,months_current_account,months_customer,call_center_contacts,loan_accounts,number_products,number_transactions,non_worker_percentage,white_collar_percentage,rfm_score,Mortgage,Pension,Savings
15,45,12,45,0,0,0,0,65,13453,2,33,36,0,4,2,1,14,19,7.602,0,0,0
16,43,12,43,0,0,0,0,65,13453,2,34,36,0,0,3,2,14,19,10.143,0,0,0
30,23,0,23,0,0,0,0,65,13453,2,30,36,0,1,0,0,14,19,0,1,1,1
42,35,8,35,1,0,0,0,65,13453,2,22,24,0,1,0,0,14,19,0,1,1,1
52,43,12,43,1,0,0,0,47,14124,3,40,48,3,1,0,0,16,35,0,1,1,1
57,51,19,51,1,0,0,0,50,14838,2,33,36,3,0,0,0,9,39,0,1,1,1
74,31,0,31,1,0,0,0,50,14838,3,0,12,3,3,0,0,9,39,0,1,1,1
74,31,0,31,1,0,0,0,50,14838,3,0,12,3,3,0,0,9,39,0,1,1,1
89,46,11,46,1,0,0,0,32,14783,2,6,12,6,3,2,1,25,42,7.799,0,0,0
90,70,38,70,0,0,0,0,32,14783,1,35,36,6,2,2,2,25,42,11.803,0,0,0
95,39,11,39,1,0,0,0,32,14783,2,16,24,6,2,4,3,25,42,12.407,0,0,0
105,31,0,31,0,0,0,0,32,14783,2,17,24,6,0,0,0,25,42,0,1,1,1
106,36,7,36,0,0,0,0,32,14783,2,-1,0,6,1,0,0,25,42,0,1,1,1
121,49,18,49,0,0,0,0,77,15494,7,28,36,1,1,2,1,6,16,10.352,0,0,0
132,38,11,38,0,0,0,0,38,15512,5,30,36,5,1,5,4,11,49,13.587,0,0,0
139,38,9,38,1,0,0,0,60,15535,7,19,24,1,1,0,0,15,24,0,1,1,1
147,37,7,37,1,0,0,0,58,15562,7,11,24,1,0,0,0,10,31,0,1,1,1
155,42,14,42,0,0,0,0,58,15562,7,-2,0,1,2,0,0,10,31,0,1,1,1
156,34,5,34,1,0,0,0,58,15562,7,27,36,1,0,0,0,10,31,0,1,1,1
161,54,29,54,1,0,0,0,42,15576,1,39,48,4,0,2,1,17,40,7.702,0,0,0
164,35,6,35,0,0,0,0,42,15576,2,-3,0,4,1,1,0,17,40,0,1,1,1
181,77,48,77,1,0,0,0,60,16292,2,36,48,1,2,4,3,16,23,9.792,0,0,0
183,57,28,57,0,0,0,0,60,16292,2,15,24,1,7,1,1,16,23,10.299,0,0,0
191,24,0,24,0,0,0,0,60,16287,3,17,24,1,1,0,0,7,32,0,1,1,1
193,40,10,40,0,0,0,0,60,16287,3,41,48,1,0,1,1,7,32,11.563,0,0,0
199,37,3,37,0,0,0,0,60,16287,3,39,48,1,0,0,0,7,32,0,1,1,1
203,46,17,46,0,0,0,0,41,16347,7,30,36,4,1,0,0,11,46,0,1,1,1
204,18,0,18,0,0,0,0,41,16347,7,19,24,4,1,5,5,11,46,11.929,0,0,0
210,42,13,42,0,0,0,0,57,16959,2,40,48,2,2,3,2,9,33,9.571,0,0,0
210,42,13,42,0,0,0,0,57,16959,2,40,48,2,2,3,2,9,33,9.571,0,0,0
222,29,2,29,1,0,0,0,66,17202,6,26,36,0,1,0,0,7,26,0,1,1,1
234,29,0,29,0,0,0,0,52,17570,5,22,24,3,0,0,0,12,35,0,1,1,1
236,41,13,41,1,0,0,0,61,17790,7,27,36,1,1,3,2,6,31,13.441,0,0,0
236,41,13,41,1,0,0,0,61,17790,7,27,36,1,1,3,2,6,31,13.441,0,0,0
252,43,14,43,0,0,0,0,61,17790,7,6,12,1,0,0,0,6,31,0,1,1,1
257,55,26,55,0,0,0,0,61,17790,6,7,12,1,1,0,0,6,31,0,1,1,1
259,34,4,34,0,0,0,0,61,17790,7,18,24,1,1,0,0,6,31,0,1,1,1
260,47,15,47,0,0,0,0,61,17790,7,13,24,1,0,0,0,6,31,0,1,1,1
265,50,24,50,1,0,0,0,61,17790,6,27,36,1,0,1,1,6,31,9.199,0,0,0
265,50,24,50,1,0,0,0,61,17790,6,27,36,1,0,1,1,6,31,9.199,0,0,0
281,34,5,34,1,0,0,0,54,17751,2,6,12,2,0,3,1,6,39,7.589,0,0,0
289,50,21,50,1,0,0,0,51,17774,3,21,24,3,4,4,3,5,43,10.327,0,0,0
290,45,18,45,0,0,0,0,51,17774,4,5,12,3,0,4,2,5,43,8.555,0,0,0
295,50,19,50,0,0,0,0,51,17774,3,5,12,3,1,3,2,5,43,8.461,0,0,0
301,46,20,46,1,0,0,0,51,17774,3,36,48,3,1,4,3,5,43,10.257,0,0,0
53200,40,15,40,0,0,0,0,54,51938,7,10,12,2,1,5,9,11,34,15.672,0,0,0
53214,43,13,43,1,0,0,0,59,51862,7,17,24,2,1,3,2,8,32,11.251,0,0,0
53226,43,12,43,1,0,0,0,50,51929,6,8,12,3,2,1,1,15,34,11.816,0,0,0
53226,43,12,43,1,0,0,0,50,51929,6,8,12,3,2,1,1,15,34,11.816,0,0,0
53233,43,13,43,0,0,0,0,52,51915,5,22,24,3,1,2,1,12,34,9.312,0,0,0
53237,44,14,44,1,0,0,0,39,51925,6,-6,0,5,0,0,0,20,39,0,1,1,1
53237,44,14,44,1,0,0,0,39,51925,6,-6,0,5,0,0,0,20,39,0,1,1,1
53251,47,17,47,0,0,0,0,47,51932,2,22,24,4,1,0,0,13,39,0,1,1,1
53267,33,6,33,1,0,0,0,48,51901,4,39,48,3,2,3,2,24,26,8.449,0,0,0
53283,38,9,38,1,0,0,0,36,51911,5,15,24,5,0,0,0,10,52,0,1,1,1
53300,38,6,38,1,0,0,0,59,51868,2,31,36,1,0,0,0,13,27,0,1,1,1
53300,38,6,38,1,0,0,0,59,51868,2,31,36,1,0,0,0,13,27,0,1,1,1
53301,47,14,47,1,0,0,0,44,51852,5,25,36,4,0,2,1,11,44,7.856,0,0,0
53302,50,23,50,0,0,0,0,53,51915,6,20,24,2,0,0,0,15,31,0,1,1,1
53305,34,2,34,0,0,0,0,50,51930,7,39,48,3,0,3,2,11,37,8.525,0,0,0
53311,37,4,37,0,0,0,0,56,51909,4,12,24,2,0,3,2,6,36,9.686,0,0,0
53331,52,23,52,0,0,0,0,62,51890,2,26,36,1,0,0,0,11,26,0,1,1,1
53334,51,15,51,0,0,0,0,74,51926,6,40,48,0,0,2,1,8,16,7.906,0,0,0
53342,52,23,52,1,0,0,0,30,51924,6,-3,0,6,2,0,0,9,59,0,1,1,1
53351,42,10,42,0,0,0,0,59,51934,3,33,36,1,2,0,0,8,31,0,1,1,1
53356,52,24,52,1,0,0,0,55,51923,5,25,36,2,1,3,2,5,39,9.65,0,0,0
53357,59,31,59,1,0,0,0,64,51914,4,31,36,1,4,3,3,7,28,12.189,0,0,0
53358,20,0,20,1,0,0,0,51,51929,4,34,36,3,0,0,0,14,34,0,1,1,1
53366,44,16,44,1,0,0,0,53,51863,3,27,36,2,3,2,1,11,34,7.422,0,0,0
53366,44,16,44,1,0,0,0,53,51863,3,27,36,2,3,2,1,11,34,7.422,0,0,0
53382,32,4,32,1,0,0,0,67,51894,3,35,36,0,0,0,0,8,24,0,1,1,1
53384,30,0,30,0,0,0,0,52,51934,7,37,48,3,1,4,1,11,35,13.219,0,0,0
53388,42,13,42,0,0,0,0,20,51912,7,36,48,8,0,3,2,13,65,11.967,0,0,0
53390,49,22,49,0,0,0,0,53,51886,4,33,36,3,0,3,1,10,35,11.84,0,0,0
53394,37,8,37,1,0,0,0,50,51919,2,37,48,3,0,0,0,18,30,0,1,1,1
53398,39,8,39,0,0,0,0,53,51949,3,17,24,2,0,0,0,4,41,0,1,1,1
53400,60,34,60,0,0,0,0,47,51933,2,13,24,4,0,0,0,23,29,0,1,1,1
53411,52,25,52,1,0,0,0,62,51879,3,36,48,1,0,0,0,7,29,0,1,1,1
53415,50,23,50,0,0,0,0,21,51902,1,11,24,8,2,0,0,27,50,0,1,1,1
53416,44,15,44,1,0,0,0,58,51889,2,22,24,2,0,6,3,9,32,12.049,0,0,0
53417,53,25,53,0,0,0,0,58,51889,1,33,36,2,2,0,0,9,32,0,1,1,1
53421,37,12,37,0,0,0,0,58,51923,7,11,24,1,0,3,2,14,26,13.451,0,0,0
53434,41,14,41,0,0,0,0,62,51929,4,-1,0,1,0,1,0,9,27,0,1,1,1
53435,27,0,27,1,0,0,0,62,51929,4,-6,0,1,0,0,0,9,27,0,1,1,1
53437,45,16,45,1,0,0,0,43,51888,6,7,12,4,0,3,2,9,46,8.415,0,0,0
53453,46,20,46,1,0,0,0,72,51891,6,17,24,0,0,2,1,11,15,8.766,0,0,0
53457,31,0,31,1,0,0,0,56,51871,5,31,36,2,0,0,0,9,34,0,1,1,1
53459,53,24,53,1,0,0,1,59,51946,1,30,36,1,1,0,17,10,29,23.955,0,0,0
53469,32,2,32,1,0,0,0,35,51862,5,41,48,5,1,3,2,14,49,10.122,0,0,0
53469,32,2,32,1,0,0,0,35,51862,5,41,48,5,1,3,2,14,49,10.122,0,0,0
53476,42,15,42,1,0,0,0,53,51941,4,29,36,2,3,4,1,11,34,8.166,0,0,0
53476,42,15,42,1,0,0,0,53,51941,4,29,36,2,3,4,1,11,34,8.166,0,0,0
53479,48,19,48,0,0,0,0,43,51869,6,18,24,4,0,0,0,6,49,0,1,1,1
53482,40,11,40,0,0,0,0,41,51851,4,5,12,5,1,0,0,11,46,0,1,1,1
53482,40,11,40,0,0,0,0,41,51851,4,5,12,5,1,0,0,11,46,0,1,1,1
53487,37,10,37,1,0,0,0,61,51912,4,41,48,1,5,2,2,11,27,8.356,0,0,0
53494,46,15,46,0,0,0,0,53,51915,5,-6,0,3,1,0,0,10,35,0,1,1,1
53505,39,12,39,1,0,0,0,45,51927,4,37,48,4,1,3,1,15,39,12.833,0,0,0
53516,32,0,32,0,0,0,0,47,51948,3,21,24,3,0,1,1,11,40,8.802,0,0,0
53523,41,12,41,0,0,0,0,77,51921,4,6,12,1,1,4,2,4,18,10.185,0,0,0
53524,41,14,41,0,0,0,0,77,51921,4,30,36,1,0,2,1,4,18,9.939,0,0,0
53528,44,16,44,0,0,0,0,57,51879,6,39,48,2,3,0,0,4,37,0,1,1,1
53528,44,16,44,0,0,0,0,57,51879,6,39,48,2,3,0,0,4,37,0,1,1,1
53529,37,10,37,1,0,0,0,59,51861,2,7,12,2,1,0,0,10,29,0,1,1,1
53536,52,18,52,0,0,0,0,54,51866,3,19,24,2,0,6,3,9,36,12.04,0,0,0
53540,44,18,44,1,0,0,0,63,51919,6,14,24,1,0,2,1,11,25,7.872,0,0,0
53544,49,20,49,1,0,0,0,58,51923,6,29,36,2,1,0,0,13,27,0,1,1,1
53549,29,1,29,0,0,0,0,48,51919,4,-2,0,3,4,0,0,9,41,0,1,1,1
53552,20,0,20,1,0,0,0,58,51855,5,35,48,1,1,0,0,10,30,0,1,1,1
53556,29,0,29,1,0,0,0,59,51882,5,7,12,1,0,4,2,9,31,10.333,0,0,0
53558,33,6,33,0,0,0,0,45,51872,3,28,36,4,0,2,1,13,41,8.419,0,0,0
53564,41,10,41,1,0,0,0,30,51955,4,11,12,6,0,0,0,12,57,0,1,1,1
53570,50,20,50,1,0,0,0,49,52005,1,22,24,3,0,1,23,17,33,30.145,0,0,0
53570,50,20,50,1,0,0,0,49,52005,1,22,24,3,0,1,23,17,33,30.145,0,0,0
53573,34,7,34,1,0,0,0,60,51984,6,-2,0,1,2,2,0,7,31,0,1,1,1
53589,34,1,34,0,0,0,0,48,51999,6,23,36,3,0,2,1,12,38,8.116,0,0,0
53590,28,0,28,0,0,0,0,60,52018,4,13,24,1,1,0,0,11,28,0,1,1,1
53598,40,14,40,1,0,0,0,51,51991,2,29,36,3,1,3,2,13,34,9.765,0,0,0
53600,44,14,44,1,0,0,0,47,52013,3,16,24,3,0,0,0,12,40,0,1,1,1
53600,44,14,44,1,0,0,0,47,52013,3,16,24,3,0,0,0,12,40,0,1,1,1
53601,16,0,16,0,0,0,0,52,51974,3,-1,0,3,0,0,0,11,36,0,1,1,1
53612,59,27,59,0,0,1,0,41,52030,2,24,36,4,1,0,0,10,47,0,1,1,1
53614,37,6,37,1,0,0,0,68,51976,3,39,48,0,0,1,1,7,24,8.546,0,0,0
53621,27,0,27,1,0,0,0,50,51984,6,40,48,3,1,0,0,7,42,0,1,1,1
53633,29,1,29,1,0,0,0,23,52032,4,-2,0,8,0,1,0,12,63,0,1,1,1
53636,30,1,30,0,0,0,0,67,52032,4,12,24,0,0,2,1,8,23,10.222,0,0,0
53640,40,16,40,1,0,0,0,71,52028,7,23,36,0,0,2,2,9,18,8.874,0,0,0
53643,28,0,28,1,0,0,0,64,51984,7,9,12,1,3,0,0,14,21,0,1,1,1
53649,40,12,40,1,0,0,0,55,51985,2,-2,0,2,0,1,0,6,38,0,1,1,1
53652,42,15,42,0,0,0,0,72,52137,7,5,12,0,3,0,0,8,18,0,1,1,1
53665,14,0,14,0,0,0,0,56,52202,7,-4,0,2,2,0,0,13,29,0,1,1,1
53666,35,8,35,0,0,0,0,61,52170,3,-4,0,1,0,0,0,15,22,0,1,1,1
53679,56,28,56,1,0,0,0,45,52190,3,9,12,4,0,0,0,7,47,0,1,1,1
53689,52,25,52,1,0,0,0,39,52170,3,16,24,5,2,0,0,17,43,0,1,1,1
53692,55,21,55,0,0,0,0,63,52185,3,-3,0,1,0,0,0,9,27,0,1,1,1
53692,55,21,55,0,0,0,0,63,52185,3,-3,0,1,0,0,0,9,27,0,1,1,1
53695,46,12,46,1,0,0,0,52,52192,2,11,12,3,0,4,10,10,36,17.719,0,0,0
53697,50,21,50,1,0,0,1,63,52181,4,5,12,1,3,6,3,12,24,11.528,0,0,0
53704,33,6,33,1,0,0,0,48,52215,6,11,24,3,1,0,0,12,38,0,1,1,1
53706,40,12,40,1,0,0,0,55,52196,3,-2,0,2,0,5,0,10,34,0,1,1,1
53714,38,6,38,1,0,0,0,43,52232,3,14,24,4,1,3,1,16,39,8.059,0,0,0
53714,38,6,38,1,0,0,0,43,52232,3,14,24,4,1,3,1,16,39,8.059,0,0,0
53726,58,29,58,0,0,0,0,43,52181,6,5,12,4,0,0,0,16,39,0,1,1,1
53745,46,13,46,1,0,0,0,63,52228,6,29,36,1,5,1,1,5,31,8.302,0,0,0
53748,38,13,38,0,0,0,0,59,52246,3,-5,0,2,2,1,0,13,27,0,1,1,1
53770,29,2,29,1,0,0,0,44,52184,3,16,24,4,0,0,0,19,35,0,1,1,1
53782,38,7,38,1,0,0,0,53,52243,4,34,36,2,1,3,2,8,37,8.731,0,0,0
53796,60,34,60,1,0,0,0,60,52247,1,17,24,1,1,3,2,13,25,11.318,0,0,0
53797,48,17,48,0,0,0,0,67,52234,4,12,24,0,0,6,13,11,21,20.737,0,0,0
53797,48,17,48,0,0,0,0,67,52234,4,12,24,0,0,6,13,11,21,20.737,0,0,0
53798,36,10,36,1,0,0,0,55,52224,7,-1,0,2,2,0,0,8,35,0,1,1,1
53803,53,26,53,1,0,0,0,37,52245,1,5,12,5,3,2,23,16,45,29.777,0,0,0
53815,42,16,42,1,0,0,0,60,52245,7,8,12,1,0,0,0,15,23,0,1,1,1
53815,42,16,42,1,0,0,0,60,52245,7,8,12,1,0,0,0,15,23,0,1,1,1
53821,41,7,41,0,0,1,0,48,52282,3,40,48,3,2,1,15,9,41,21.961,0,0,0
53823,35,4,35,0,0,0,0,46,52292,5,27,36,3,0,3,18,8,44,24.836,0,0,0
53842,45,15,45,0,0,0,0,51,52280,5,29,36,3,3,0,0,8,40,0,1,1,1
53861,31,1,31,0,0,0,0,28,52327,2,35,48,7,1,1,1,17,54,9.846,0,0,1
53864,27,0,27,0,0,0,0,58,52301,7,-4,0,2,1,0,0,12,29,0,1,1,1
53864,27,0,27,0,0,0,0,58,52301,7,-4,0,2,1,0,0,12,29,0,1,1,1
53881,45,15,45,1,0,0,0,58,52316,6,21,24,2,0,0,15,8,33,22.791,0,0,0
53884,32,3,32,1,0,0,0,54,52326,7,6,12,2,0,0,0,15,30,0,1,1,1
53886,65,37,65,0,0,0,0,50,52311,1,-6,0,3,4,0,0,18,30,0,1,1,1
53890,38,5,38,0,0,0,0,56,52255,3,35,48,2,1,0,0,10,32,0,1,1,1
53894,37,12,37,0,0,0,0,58,52259,3,15,24,2,1,0,0,9,32,0,1,1,1
53894,37,12,37,0,0,0,0,58,52259,3,15,24,2,1,0,0,9,32,0,1,1,1
53905,63,33,63,1,0,0,0,55,52292,3,35,36,2,0,4,2,10,33,10.278,0,0,0
53921,36,7,36,1,0,0,0,62,52378,4,20,24,1,2,0,0,17,20,0,1,1,1
53926,43,12,43,1,0,0,0,48,52382,6,14,24,3,0,0,0,16,34,0,1,1,1
53944,49,19,49,0,0,0,0,64,52435,3,-6,0,1,0,0,0,12,23,0,1,1,1
53947,67,40,67,1,0,0,0,49,52378,5,15,24,3,1,4,2,10,39,9.246,0,0,0
53956,25,0,25,0,0,0,0,56,52393,3,27,36,2,1,4,1,8,34,11.926,0,0,0
53960,21,0,21,0,0,0,0,59,52372,7,12,24,1,1,5,3,8,31,10.786,0,0,0
53980,32,6,32,1,0,0,0,47,52402,7,41,48,4,0,1,3,10,42,10.165,0,0,0
53981,23,0,23,1,0,0,0,36,52375,2,22,24,5,0,1,1,20,42,7.65,0,0,1
53984,35,6,35,1,0,0,0,60,52365,4,35,36,1,2,0,0,10,29,0,1,1,1
53987,15,0,15,1,0,0,0,43,52418,2,11,24,4,1,0,0,14,41,0,1,1,1
53992,21,0,21,1,0,0,0,56,52361,4,12,24,2,0,4,2,13,30,11.048,0,0,0
53998,44,16,44,1,0,0,0,47,52358,5,12,24,3,1,4,2,14,37,8.791,0,0,0
54005,20,0,20,0,0,0,0,52,52409,4,32,36,3,7,0,0,10,37,0,1,1,1
54005,20,0,20,0,0,0,0,52,52409,4,32,36,3,7,0,0,10,37,0,1,1,1
54007,41,12,41,0,0,0,0,52,52415,7,16,24,2,0,3,2,7,39,9.823,0,0,0
54008,41,11,41,1,0,0,0,60,52442,4,21,24,1,1,0,0,10,29,0,1,1,1
54011,47,19,47,1,0,0,0,60,52437,5,-6,0,1,1,0,0,7,32,0,1,1,1
54013,35,4,35,0,0,0,0,52,52446,3,-3,0,3,1,1,0,15,31,0,1,1,1
54022,32,4,32,0,0,0,0,49,52411,3,37,48,3,1,1,1,14,35,9.684,0,0,0
54024,34,7,34,0,0,0,0,42,52360,6,22,24,5,1,2,1,12,45,8.012,0,0,0
54025,30,4,30,0,0,0,0,42,52360,6,29,36,5,0,5,1,12,45,10.726,0,0,0
54027,20,0,20,1,0,0,0,66,52377,5,19,24,0,0,4,3,8,25,11.07,0,0,0
54031,19,0,19,1,0,0,0,44,52439,7,26,36,4,1,3,1,10,45,7.512,0,0,0
54031,19,0,19,1,0,0,0,44,52439,7,26,36,4,1,3,1,10,45,7.512,0,0,0
54032,50,25,50,0,0,0,0,51,52449,3,35,36,3,1,1,15,14,34,21.784,0,0,0
54043,28,1,28,1,0,1,0,49,52396,6,19,24,3,1,3,1,9,41,7.486,0,0,0
54049,58,27,58,1,0,0,0,46,52467,5,-6,0,3,0,0,0,9,43,0,1,1,1
54059,48,23,48,1,0,0,0,53,52495,1,29,36,2,2,3,4,17,28,10.867,0,0,0
54068,30,0,30,0,0,0,0,53,52541,3,41,48,3,1,5,2,6,39,8.736,0,0,0
54069,37,10,37,0,0,0,0,53,52541,3,21,24,3,1,2,1,6,39,8.282,0,0,0
54081,32,0,32,1,0,0,0,56,52532,3,5,12,2,0,2,1,7,36,11.871,0,0,0
54081,32,0,32,1,0,0,0,56,52532,3,5,12,2,0,2,1,7,36,11.871,0,0,0
54091,43,17,43,0,0,0,0,53,52547,4,40,48,3,2,2,1,16,29,10.216,0,0,0
54091,43,17,43,0,0,0,0,53,52547,4,40,48,3,2,2,1,16,29,10.216,0,0,0
54095,39,7,39,0,0,0,0,59,52526,6,28,36,1,3,0,0,17,23,0,1,1,1
54107,63,34,63,0,0,0,0,50,52510,4,13,24,3,1,0,0,12,37,0,1,1,1
54112,45,21,45,0,0,0,0,56,52494,5,0,12,2,1,0,0,14,28,0,1,1,1
54116,30,1,30,0,0,0,0,38,52532,5,20,24,5,0,0,0,10,50,0,1,1,1
54121,32,2,32,0,0,1,0,50,52519,7,40,48,3,7,4,11,5,43,17.992,0,0,0
54122,31,3,31,1,0,0,0,56,52501,5,40,48,2,0,1,1,16,26,11.289,0,0,0
54125,38,9,38,0,0,0,0,59,52547,7,18,24,1,0,3,2,17,23,8.261,0,0,0
54130,53,24,53,0,0,0,0,45,52493,6,26,36,4,1,2,1,12,42,7.836,0,0,0
54151,33,2,33,1,0,0,0,39,52454,2,41,48,5,0,2,2,16,44,9.179,0,0,0
54155,79,48,79,0,0,0,0,55,52529,5,25,36,2,1,0,0,10,33,0,1,1,1
54158,37,8,37,0,0,0,0,68,52493,7,41,48,0,3,4,2,10,21,12.095,0,0,0
54161,45,17,45,1,0,0,0,63,52463,5,21,24,1,0,3,2,8,27,10.155,0,0,0
54173,33,4,33,0,0,0,0,45,52527,4,17,24,4,0,0,0,16,38,0,1,1,1
54182,25,0,25,1,0,0,0,53,52471,2,28,36,2,1,0,0,7,38,0,1,1,1
54186,33,2,33,1,0,0,0,38,52508,4,36,48,5,0,3,1,20,40,7.846,0,0,0
54234,44,13,44,1,0,0,0,57,52490,4,25,36,2,0,1,24,5,37,31.305,0,0,0
54255,25,0,25,0,0,0,0,49,52487,6,40,48,3,2,4,12,13,37,18.689,0,0,0
54257,39,13,39,1,0,0,0,49,52487,6,40,48,3,1,0,0,13,37,0,1,1,1
54257,39,13,39,1,0,0,0,49,52487,6,40,48,3,1,0,0,13,37,0,1,1,1
54260,38,7,38,0,0,0,0,72,52490,5,25,36,0,1,0,0,10,17,0,1,1,1
54268,29,0,29,1,0,0,0,50,52468,4,19,24,3,0,0,0,24,25,0,1,1,1
54269,50,22,50,0,0,0,0,45,52524,1,12,24,4,2,3,19,18,36,26.11,0,0,0
54287,15,0,15,1,0,1,0,61,52496,5,40,48,1,4,4,3,9,28,9.331,0,0,0
54290,43,13,43,1,0,0,0,50,52479,5,-6,0,3,1,0,0,9,40,0,1,1,1
54300,44,11,44,0,0,0,0,68,52498,6,7,12,0,7,4,2,8,22,12.861,0,0,0
54302,48,18,48,1,0,0,0,19,52463,6,40,48,8,0,3,2,14,65,8.705,0,0,0
54309,41,13,41,0,0,0,0,52,52511,7,41,48,3,0,0,0,11,36,0,1,1,1
54314,39,6,39,1,0,0,0,26,52512,2,23,36,7,4,2,1,18,54,10.179,0,0,0
54329,43,16,43,1,0,0,0,54,52528,7,-3,0,2,0,0,0,15,29,0,1,1,1
54330,49,21,49,0,0,0,1,54,52528,6,34,36,2,1,6,19,15,29,25.756,0,0,0
54333,53,23,53,1,0,0,0,65,52536,4,35,48,0,0,0,0,11,23,0,1,1,1
54337,38,10,38,0,0,0,0,56,52472,2,15,24,2,0,2,1,10,32,12.599,0,0,0
54338,45,16,45,0,0,0,0,56,52472,2,15,24,2,0,0,0,10,32,0,1,1,1
54360,45,13,45,1,0,0,0,61,52531,3,9,12,1,0,5,3,13,25,10.935,0,0,0
54361,17,0,17,0,0,0,0,56,52482,5,19,24,2,1,0,0,9,33,0,1,1,1
54373,37,6,37,1,0,0,0,61,52550,3,12,24,1,0,0,0,10,27,0,1,1,1
54378,53,25,53,0,0,0,0,63,52458,1,26,36,1,0,0,0,12,23,0,1,1,1
54379,40,9,40,1,0,0,0,51,52467,3,5,12,3,2,2,1,12,35,8.379,0,0,0
54382,38,9,38,1,0,0,0,58,52478,5,16,24,2,3,1,15,6,34,21.674,0,0,0
54384,50,19,50,1,0,0,0,59,52523,2,7,12,1,2,4,3,11,29,9.779,0,0,0
54386,44,13,44,1,0,0,0,42,52524,5,29,36,4,0,2,1,12,44,7.357,0,0,0
54410,23,0,23,0,0,0,0,58,52468,5,38,48,2,1,0,0,12,29,0,1,1,1
54418,47,17,47,0,0,0,0,33,52512,6,-3,0,6,0,0,0,20,46,0,1,1,1
54420,45,19,45,1,0,0,0,59,52507,2,-2,0,1,2,0,0,12,28,0,1,1,1
54422,32,2,32,0,0,0,0,62,52541,6,37,48,1,0,0,0,9,28,0,1,1,1
54422,32,2,32,0,0,0,0,62,52541,6,37,48,1,0,0,0,9,28,0,1,1,1
54427,38,6,38,0,0,0,0,51,52468,7,7,12,3,0,3,2,17,31,8.36,0,0,0
54445,49,22,49,0,0,0,0,60,52516,3,-2,0,1,1,0,0,12,26,0,1,1,1
54472,24,0,24,1,0,1,0,63,52535,5,8,12,1,3,2,1,10,25,8.362,0,0,0
54507,38,7,38,1,0,0,0,60,52597,3,11,24,1,0,0,0,16,23,0,1,1,1
54508,20,0,20,1,0,0,0,48,52615,5,20,24,3,1,3,2,6,44,8.289,0,0,0
54508,20,0,20,1,0,0,0,48,52615,5,20,24,3,1,3,2,6,44,8.289,0,0,0
54520,24,0,24,0,0,0,0,66,52562,7,18,24,0,2,4,15,10,23,22.125,0,0,0
54531,31,3,31,0,0,0,0,44,52567,3,21,24,4,1,3,3,16,38,9.39,0,0,0
54533,58,29,58,1,0,1,0,67,52582,1,28,36,0,0,2,1,12,20,10.096,0,0,0
54537,23,0,23,0,0,0,0,57,52644,5,22,24,2,0,4,2,13,29,10.739,0,0,0
54542,51,19,51,1,0,0,0,57,52566,3,8,12,2,2,2,1,14,28,7.566,0,0,0
54566,51,21,51,1,0,0,0,49,52629,1,14,24,3,0,3,2,5,44,10.516,0,0,0
54569,51,27,51,0,0,0,0,44,52555,3,-4,0,4,0,0,0,10,44,0,1,1,1
54571,36,7,36,1,0,0,0,44,52555,4,9,12,4,3,1,1,10,44,12.546,0,0,0
54577,55,24,55,1,0,0,0,65,52624,3,25,36,1,3,0,0,9,25,0,1,1,1
54584,35,7,35,0,0,0,0,52,52628,5,-2,0,3,2,0,0,10,37,0,1,1,1
54594,42,11,42,1,0,0,0,51,52627,6,10,12,3,0,2,1,11,36,11.366,0,0,0
54594,42,11,42,1,0,0,0,51,52627,6,10,12,3,0,2,1,11,36,11.366,0,0,0
54607,45,13,45,1,0,0,0,56,52634,2,29,36,2,0,0,0,8,35,0,1,1,1
54610,42,14,42,0,0,0,0,32,52623,2,31,36,6,1,0,0,12,55,0,1,1,1
54624,42,12,42,1,0,0,0,52,52601,5,41,48,3,2,3,2,9,38,12.404,0,0,0
54624,42,12,42,1,0,0,0,52,52601,5,41,48,3,2,3,2,9,38,12.404,0,0,0
54641,22,0,22,1,0,0,0,40,52595,4,7,12,5,0,2,1,16,42,12.356,0,0,0
54658,38,12,38,0,0,0,0,29,52574,2,14,24,7,0,4,2,11,59,11.892,0,0,0
54658,38,12,38,0,0,0,0,29,52574,2,14,24,7,0,4,2,11,59,11.892,0,0,0
54660,42,10,42,0,0,0,0,57,52604,7,-4,0,2,5,0,0,11,31,0,1,1,1
54665,35,5,35,1,0,0,0,54,52606,3,22,24,2,1,1,1,10,35,12.167,0,0,0
54668,48,21,48,0,0,0,0,47,52617,2,20,24,4,1,2,1,13,38,8.272,0,0,0
54681,28,0,28,1,0,0,0,69,52621,2,14,24,0,0,0,0,9,20,0,1,1,1
54682,42,15,42,1,0,0,0,69,52621,2,12,24,0,4,3,2,9,20,9.981,0,0,0
54687,34,6,34,1,0,0,0,64,52620,2,6,12,1,2,3,2,9,25,10.361,0,0,0
54689,31,1,31,1,0,0,0,62,52552,7,6,12,1,1,0,0,12,24,0,1,1,1
54689,31,1,31,1,0,0,0,62,52552,7,6,12,1,1,0,0,12,24,0,1,1,1
54700,21,0,21,1,0,0,0,60,52571,5,26,36,1,0,4,3,13,25,9.321,0,0,0
54708,44,11,44,1,0,0,0,61,52586,3,23,36,1,0,0,0,15,23,0,1,1,1
54717,45,16,45,1,0,0,0,42,52574,6,30,36,4,2,2,2,14,43,10.137,0,0,0
54731,36,6,36,1,0,0,0,39,52643,5,6,12,5,0,5,2,12,47,12.19,0,0,0
54754,51,18,51,0,0,0,0,47,52631,2,23,36,4,2,0,0,9,43,0,1,1,1
54768,44,15,44,0,0,0,0,53,52564,5,16,24,2,1,3,2,9,36,8.902,0,0,0
54775,43,13,43,1,0,0,0,54,52602,3,38,48,2,1,0,0,14,31,0,1,1,1
54775,43,13,43,1,0,0,0,54,52602,3,38,48,2,1,0,0,14,31,0,1,1,1
54782,69,41,69,1,0,0,0,47,52568,1,19,24,4,0,0,0,12,40,0,1,1,1
54788,46,18,46,0,0,0,0,44,52609,2,22,24,4,1,2,1,12,43,10.956,0,0,0
54795,38,8,38,1,0,0,0,32,52576,7,17,24,6,4,0,0,16,50,0,1,1,1
54803,34,3,34,1,0,0,0,66,52642,6,25,36,0,0,2,1,7,25,7.962,0,0,0
54806,48,15,48,1,0,0,0,59,52630,2,36,48,1,0,4,3,12,28,9.955,0,0,0
54810,26,0,26,1,0,0,0,36,52582,4,35,48,5,1,4,1,13,50,7.42,0,0,0
54818,36,3,36,1,0,0,0,53,52588,4,40,48,3,1,0,0,14,32,0,1,1,1
54824,34,6,34,1,0,0,0,41,52631,2,16,24,4,0,5,3,15,43,10.277,0,0,0
54826,53,22,53,1,0,0,0,54,52597,4,12,24,2,0,2,1,14,31,12.902,0,0,0
54837,40,12,40,0,0,0,0,54,52621,6,32,36,2,2,0,0,14,31,0,1,1,1
54839,45,13,45,1,0,0,0,58,52648,5,15,24,2,0,0,0,11,29,0,1,1,1
54848,39,9,39,1,0,0,0,60,52632,7,40,48,1,4,0,0,3,35,0,1,1,1
54855,39,11,39,0,0,0,0,67,52615,3,20,24,0,2,0,0,6,26,0,1,1,1
54855,39,11,39,0,0,0,0,67,52615,3,20,24,0,2,0,0,6,26,0,1,1,1
54856,28,0,28,0,0,0,0,67,52615,3,8,12,0,0,4,1,6,26,7.266,0,0,0
54859,45,15,45,1,0,0,0,33,52561,4,33,36,6,2,0,0,13,53,0,1,1,1
54859,45,15,45,1,0,0,0,33,52561,4,33,36,6,2,0,0,13,53,0,1,1,1
54865,41,9,41,0,0,0,0,39,52606,3,12,24,5,0,3,2,10,49,8.312,0,0,0
54866,47,20,47,1,0,0,0,61,52559,5,26,36,1,1,0,0,11,26,0,1,1,1
54871,40,9,40,1,0,0,0,50,52640,7,24,36,3,0,3,3,11,37,11.922,0,0,0
54880,49,22,49,1,0,0,0,35,52579,2,22,24,5,0,4,1,13,51,10.482,0,0,0
54883,47,20,47,1,0,0,0,61,52628,4,5,12,1,1,0,0,12,25,0,1,1,1
54895,41,12,41,0,0,0,0,61,52551,6,29,36,1,1,0,0,9,29,0,1,1,1
54901,32,1,32,1,0,0,0,69,52613,2,16,24,0,0,0,0,14,16,0,1,1,1
54903,40,15,40,0,0,0,0,62,52565,2,29,36,1,2,0,0,8,29,0,1,1,1
54914,26,0,26,1,0,0,0,53,52551,3,20,24,3,3,0,18,11,35,24.621,0,0,0
54915,30,3,30,0,0,0,0,64,52586,5,9,12,0,1,1,1,7,27,7.626,0,0,0
54915,30,3,30,0,0,0,0,64,52586,5,9,12,0,1,1,1,7,27,7.626,0,0,0
54916,35,2,35,0,0,0,0,54,52610,4,35,48,2,0,0,0,14,30,0,1,1,1
54917,36,8,36,1,0,0,0,54,52610,4,40,48,2,0,1,1,14,30,8.176,0,0,0
54930,40,10,40,0,0,0,0,52,52649,6,7,12,3,1,4,13,9,37,20.352,0,0,0
54934,39,10,39,1,0,0,0,55,52595,7,-4,0,2,1,1,0,14,30,0,1,1,1
54939,44,14,44,1,0,0,0,72,52553,3,38,48,0,3,3,1,12,15,10.512,0,0,0
54954,35,5,35,0,0,0,0,55,52601,7,27,36,2,0,4,3,10,34,12.332,0,0,0
54956,34,3,34,0,0,0,0,31,52599,3,-3,0,6,0,0,0,11,57,0,1,1,1
54962,35,8,35,0,0,1,0,62,52573,7,33,36,1,2,4,1,6,31,8.269,0,0,0
54963,49,19,49,0,0,0,0,60,52624,2,19,24,1,0,4,9,9,29,16.249,0,0,0
54969,18,0,18,0,0,0,0,60,52629,2,34,36,1,0,0,0,12,26,0,1,1,1
54984,48,19,48,1,0,0,0,43,52629,4,7,12,4,3,3,3,17,38,11.726,0,0,0
54986,40,9,40,0,0,0,0,64,52588,3,-1,0,0,0,0,0,5,29,0,1,1,1
54988,41,9,41,1,0,0,0,47,52609,6,34,36,3,0,0,0,16,36,0,1,1,1
54997,33,2,33,0,0,0,0,48,52584,3,6,12,3,2,1,1,11,39,10.082,0,0,0
54999,27,0,27,1,0,0,0,45,52585,3,13,24,4,0,0,0,9,44,0,1,1,1
55047,41,14,41,1,0,0,0,59,52727,5,14,24,1,0,0,0,11,29,0,1,1,1
55047,41,14,41,1,0,0,0,59,52727,5,14,24,1,0,0,0,11,29,0,1,1,1
55051,29,0,29,0,0,0,0,53,52748,7,40,48,2,0,3,1,11,34,8.432,0,0,0
55063,50,20,50,1,0,0,0,57,52745,6,14,24,2,0,2,1,8,33,12.953,0,0,0
55063,50,20,50,1,0,0,0,57,52745,6,14,24,2,0,2,1,8,33,12.953,0,0,0
55070,29,0,29,0,0,0,0,52,52673,3,28,36,3,0,0,0,19,28,0,1,1,1
55070,29,0,29,0,0,0,0,52,52673,3,28,36,3,0,0,0,19,28,0,1,1,1
55071,72,39,72,0,0,0,0,66,52715,3,6,12,0,3,0,7,11,22,14.253,0,0,0
55073,33,5,33,1,0,0,0,70,52750,4,22,24,0,1,3,16,8,21,22.799,0,0,0
55085,44,11,44,0,0,0,0,53,52717,3,38,48,2,0,0,0,8,37,0,1,1,1
55085,44,11,44,0,0,0,0,53,52717,3,38,48,2,0,0,0,8,37,0,1,1,1
55091,29,3,29,1,0,0,0,41,52677,5,14,24,5,0,0,0,17,41,0,1,1,1
55101,30,0,30,0,0,0,0,63,52660,7,39,48,1,0,0,0,10,26,0,1,1,1
55110,65,33,65,0,0,0,0,33,52676,2,12,24,6,0,4,1,22,44,10.432,0,0,0
55112,56,24,56,1,0,0,0,74,52682,3,8,12,0,0,0,0,6,19,0,1,1,1
55114,34,6,34,0,0,0,0,45,52686,3,11,24,4,2,2,26,11,43,32.652,0,0,0
55114,34,6,34,0,0,0,0,45,52686,3,11,24,4,2,2,26,11,43,32.652,0,0,0
55119,52,22,52,1,0,0,0,60,52676,6,-6,0,1,0,0,0,10,29,0,1,1,1
55125,28,0,28,1,0,0,0,48,52718,7,10,12,3,2,0,0,15,35,0,1,1,1
55148,37,12,37,0,0,0,0,55,52720,5,25,36,2,0,3,25,11,32,31.521,0,0,0
55149,50,22,50,0,0,0,0,55,52720,4,26,36,2,0,2,1,11,32,8.531,0,0,0
55149,50,22,50,0,0,0,0,55,52720,4,26,36,2,0,2,1,11,32,8.531,0,0,0
55153,47,20,47,0,0,0,0,72,52661,2,12,24,0,2,6,4,12,15,11.238,0,0,0
55155,54,26,54,1,0,0,0,53,52733,4,40,48,2,5,2,9,11,34,16.21,0,0,0
55156,34,5,34,1,0,0,0,66,52743,6,31,36,0,3,0,0,12,21,0,1,1,1
55160,28,0,28,0,0,0,0,59,52717,3,20,24,1,1,4,3,9,31,12.375,0,0,0
55164,46,16,46,1,0,0,0,55,52677,5,41,48,2,4,1,1,14,29,11.186,0,0,0
55164,46,16,46,1,0,0,0,55,52677,5,41,48,2,4,1,1,14,29,11.186,0,0,0
55177,26,0,26,0,0,0,0,57,52691,5,22,24,2,0,3,1,7,34,12.419,0,0,0
55179,29,0,29,0,0,1,0,27,52732,7,11,24,7,1,4,21,12,60,27.517,0,0,0
55181,39,11,39,1,0,1,0,54,52700,7,30,36,2,2,3,1,9,36,9.359,0,0,0
55184,47,18,47,1,0,0,0,56,52654,3,16,24,2,0,2,2,20,23,10.027,0,0,0
55190,27,0,27,0,0,0,0,69,52740,2,7,12,0,0,2,1,9,20,8.766,0,0,0
55190,27,0,27,0,0,0,0,69,52740,2,7,12,0,0,2,1,9,20,8.766,0,0,0
55194,34,3,34,1,0,0,0,40,52682,3,40,48,5,0,2,1,8,51,10.469,0,0,0
55198,42,11,42,1,0,0,1,60,52715,6,8,12,1,0,5,2,11,27,9.383,0,0,0
55203,29,2,29,1,0,0,0,63,52696,3,6,12,1,1,0,0,8,28,0,1,1,1
55209,31,1,31,0,0,0,0,52,52730,4,22,24,3,1,3,2,11,36,9.202,0,0,0
55210,30,0,30,0,0,0,0,70,52750,6,-1,0,0,3,0,0,3,25,0,1,1,1
55215,45,15,45,1,0,0,0,62,52733,4,41,48,1,1,2,23,13,24,29.7,0,0,0
55216,36,13,36,0,0,1,0,39,52744,3,12,24,5,2,3,2,14,46,10.241,0,0,0
55219,38,9,38,1,0,0,0,45,52717,2,13,24,4,0,0,0,8,45,0,1,1,1
55219,38,9,38,1,0,0,0,45,52717,2,13,24,4,0,0,0,8,45,0,1,1,1
55222,67,37,67,0,0,0,0,71,52695,3,-1,0,0,0,1,0,10,17,0,1,1,1
55222,67,37,67,0,0,0,0,71,52695,3,-1,0,0,0,1,0,10,17,0,1,1,1
55224,60,30,60,0,0,0,0,61,52695,4,11,24,1,2,0,0,12,26,0,1,1,1
55225,44,16,44,0,0,0,0,48,52660,2,7,12,3,0,0,0,13,37,0,1,1,1
55227,32,1,32,0,0,0,0,40,52673,3,28,36,5,0,3,17,13,46,23.938,0,0,0
55228,33,3,33,0,0,0,0,40,52673,3,14,24,5,0,0,0,13,46,0,1,1,1
55228,33,3,33,0,0,0,0,40,52673,3,14,24,5,0,0,0,13,46,0,1,1,1
55234,41,12,41,0,0,0,0,61,52685,2,40,48,1,1,0,0,10,28,0,1,1,1
55235,26,0,26,0,0,0,0,46,52684,2,29,36,4,0,1,1,22,31,7.646,0,0,0
55246,17,0,17,1,0,1,0,49,52742,3,41,48,3,3,3,1,10,39,8.02,0,0,0
55253,41,12,41,0,0,0,0,69,52667,7,24,36,0,0,0,0,10,20,0,1,1,1
55261,38,7,38,0,0,0,0,67,52669,7,10,12,0,0,0,0,9,22,0,1,1,1
55261,38,7,38,0,0,0,0,67,52669,7,10,12,0,0,0,0,9,22,0,1,1,1
55267,29,1,29,1,0,0,0,63,52690,2,22,24,1,0,0,0,16,19,0,1,1,1
55271,44,16,44,0,0,0,0,55,52721,7,5,12,2,0,0,0,8,35,0,1,1,1
55272,37,10,37,0,0,0,0,42,52711,6,32,36,4,1,0,0,14,42,0,1,1,1
55275,43,11,43,1,0,0,0,47,52669,4,19,24,3,0,0,0,11,40,0,1,1,1
55279,24,0,24,1,0,0,0,68,52690,4,-6,0,0,2,0,0,7,24,0,1,1,1
55281,36,4,36,1,0,0,0,52,52803,6,19,24,3,0,2,1,10,36,10.967,0,0,0
55289,32,4,32,1,0,0,0,57,52795,3,11,24,2,1,0,0,9,33,0,1,1,1
55292,21,0,21,0,0,0,0,46,52849,6,6,12,4,2,0,0,13,40,0,1,1,1
55292,21,0,21,0,0,0,0,46,52849,6,6,12,4,2,0,0,13,40,0,1,1,1
55293,30,0,30,1,0,0,0,34,52776,4,41,48,6,3,3,1,19,46,10.316,0,0,0
55297,28,0,28,1,0,0,0,63,52817,7,24,36,1,0,0,0,9,26,0,1,1,1
55299,25,0,25,0,0,0,0,48,52754,7,30,36,3,1,5,23,9,42,29.641,0,0,0
55302,45,13,45,0,0,0,0,46,52836,7,10,12,4,0,0,0,12,41,0,1,1,1
55304,35,8,35,1,0,0,0,61,52850,2,-5,0,1,3,0,0,6,32,0,1,1,1
55305,20,0,20,0,0,0,0,49,52805,4,39,48,3,0,0,0,16,34,0,1,1,1
55314,26,0,26,0,0,0,0,54,52848,5,18,24,2,2,5,2,10,34,8.804,0,0,0
55314,26,0,26,0,0,0,0,54,52848,5,18,24,2,2,5,2,10,34,8.804,0,0,0
55327,31,8,31,0,0,0,0,52,52806,7,9,12,3,2,2,1,16,30,7.284,0,0,0
55328,68,39,68,1,0,0,0,57,52817,6,22,24,2,1,4,3,13,28,10.699,0,0,0
55339,38,13,38,1,0,0,0,53,52763,2,14,24,2,0,0,0,13,32,0,1,1,1
55341,31,2,31,1,0,0,0,64,52801,4,9,12,1,0,0,0,9,25,0,1,1,1
55341,31,2,31,1,0,0,0,64,52801,4,9,12,1,0,0,0,9,25,0,1,1,1
55348,36,6,36,1,0,0,0,71,52834,4,13,24,0,2,0,0,7,20,0,1,1,1
55356,32,4,32,0,0,0,0,66,52754,2,12,24,0,1,5,6,5,28,14.232,0,0,0
55365,26,0,26,0,0,0,0,55,52754,7,31,36,2,2,3,1,10,33,10.292,0,0,0
55367,29,0,29,0,0,0,0,64,52787,3,39,48,1,0,0,0,11,24,0,1,1,1
55370,56,25,56,1,0,0,0,50,52828,2,12,24,3,0,1,1,13,36,10.651,0,0,0
55370,56,25,56,1,0,0,0,50,52828,2,12,24,3,0,1,1,13,36,10.651,0,0,0
55390,45,18,45,0,0,0,0,53,52805,6,33,36,2,0,4,2,4,41,8.871,0,0,0
55402,29,0,29,0,0,0,0,61,52836,5,23,36,1,1,0,0,5,32,0,1,1,1
55430,63,32,63,1,0,0,0,56,52899,3,22,24,2,1,5,2,9,33,11.445,0,0,0
55439,18,0,18,1,0,0,0,60,52897,5,26,36,1,1,5,2,10,29,9.416,0,0,0
55453,32,3,32,1,0,0,0,48,52999,7,25,36,3,2,5,2,8,43,9.715,0,0,0
55454,36,5,36,0,0,0,0,65,52974,6,26,36,0,1,3,22,8,25,29.25,0,0,0
55455,46,17,46,0,0,0,0,46,52961,6,12,24,3,1,6,17,12,40,24.077,0,0,0
55465,26,0,26,0,0,0,0,35,53093,4,8,12,5,1,0,0,10,54,0,1,1,1
55469,27,0,27,1,0,0,0,74,53088,6,36,48,0,0,4,3,7,17,10.049,0,0,0
55469,27,0,27,1,0,0,0,74,53088,6,36,48,0,0,4,3,7,17,10.049,0,0,0
55472,55,26,55,1,0,0,0,55,53111,2,39,48,2,3,2,1,14,29,11.846,0,0,0
55472,55,26,55,1,0,0,0,55,53111,2,39,48,2,3,2,1,14,29,11.846,0,0,0
55473,33,0,33,0,0,0,0,47,53072,3,-3,0,4,4,1,0,9,42,0,1,1,1
55481,50,17,50,0,0,0,0,50,53121,7,26,36,3,0,2,1,9,40,10.362,0,0,0
55485,35,5,35,0,0,0,0,49,53133,2,12,24,3,2,5,3,17,33,12.7,0,0,0
55485,35,5,35,0,0,0,0,49,53133,2,12,24,3,2,5,3,17,33,12.7,0,0,0
55522,66,39,66,1,0,0,0,55,53061,6,7,12,2,0,2,1,7,37,9.55,0,0,0
55528,25,0,25,1,0,0,0,60,53150,4,40,48,1,1,3,1,4,34,10.626,0,0,0
55528,25,0,25,1,0,0,0,60,53150,4,40,48,1,1,3,1,4,34,10.626,0,0,0
55533,42,10,42,0,0,0,0,66,53071,2,15,24,0,2,1,1,13,20,10.059,0,0,0
55559,37,6,37,1,0,0,0,22,53171,5,13,24,8,0,5,3,22,55,10.141,0,0,0
55561,41,13,41,0,0,0,0,58,53222,5,22,24,2,0,3,3,6,35,12.262,0,0,0
55563,42,15,42,1,0,0,0,62,53193,2,21,24,1,1,4,3,7,30,10.996,0,0,0
55573,50,26,50,1,0,0,0,58,53240,4,29,36,2,0,1,16,13,28,22.283,0,0,0
55595,47,15,47,0,0,0,0,64,53185,7,22,24,1,0,0,0,9,25,0,1,1,1
55598,28,0,28,0,0,0,0,51,53236,7,17,24,3,0,0,0,17,30,0,1,1,1
55605,14,0,14,1,0,0,0,65,53176,7,29,36,0,0,0,0,11,22,0,1,1,1
55607,31,3,31,1,0,0,0,65,53176,7,30,36,0,0,1,1,11,22,10.786,0,0,0
55614,41,14,41,1,0,0,0,47,53198,7,24,36,3,4,2,2,11,40,8.62,0,0,0
55626,26,0,26,0,0,1,0,66,53234,2,26,36,0,5,1,28,18,15,34.413,0,0,0
55627,40,6,40,1,0,0,0,52,53185,3,26,36,3,0,0,0,7,40,0,1,1,1
55635,44,16,44,1,0,0,0,59,53235,3,35,48,2,0,4,2,18,21,10.469,0,0,0
55635,44,16,44,1,0,0,0,59,53235,3,35,48,2,0,4,2,18,21,10.469,0,0,0
55636,48,16,48,1,0,0,0,55,53234,5,10,12,2,1,0,0,10,34,0,1,1,1
55651,31,2,31,0,0,0,0,66,53222,2,35,48,0,1,2,1,7,25,9.226,0,0,0
55652,31,1,31,1,0,0,0,66,53222,2,14,24,0,1,0,0,7,25,0,1,1,1
55652,31,1,31,1,0,0,0,66,53222,2,14,24,0,1,0,0,7,25,0,1,1,1
55653,46,17,46,1,0,0,0,63,53199,4,32,36,1,0,3,1,8,28,11.672,0,0,0
55653,46,17,46,1,0,0,0,63,53199,4,32,36,1,0,3,1,8,28,11.672,0,0,0
55657,11,0,11,0,0,0,0,51,53155,2,23,36,3,1,0,0,12,35,0,1,1,1
55668,45,20,45,1,0,0,0,57,53184,4,-5,0,2,1,0,0,12,29,0,1,1,1
55670,42,11,42,0,0,0,0,57,53184,5,30,36,2,0,4,2,12,29,11.018,0,0,0
55672,44,13,44,0,0,0,0,53,53201,2,15,24,2,4,0,0,11,35,0,1,1,1
55672,44,13,44,0,0,0,0,53,53201,2,15,24,2,4,0,0,11,35,0,1,1,1
55679,52,22,52,1,0,0,0,50,53250,6,21,24,3,0,0,0,10,38,0,1,1,1
55682,29,0,29,1,0,0,0,59,53208,6,9,12,2,0,0,0,14,26,0,1,1,1
55682,29,0,29,1,0,0,0,59,53208,6,9,12,2,0,0,0,14,26,0,1,1,1
55691,35,8,35,0,0,0,0,46,53222,7,29,36,4,0,5,21,13,40,28.197,0,0,0
55692,33,2,33,0,0,0,0,46,53222,7,39,48,4,0,0,0,13,40,0,1,1,1
55692,33,2,33,0,0,0,0,46,53222,7,39,48,4,0,0,0,13,40,0,1,1,1
55693,31,2,31,0,0,0,0,46,53222,7,18,24,4,0,3,2,13,40,10.461,0,0,0
55698,44,17,44,1,0,0,0,68,53155,4,11,12,0,1,4,1,12,18,9.85,0,0,0
55704,37,11,37,1,0,0,0,68,53230,5,26,36,0,1,4,1,11,20,12.412,0,0,0
55709,56,24,56,0,0,0,0,59,53201,3,27,36,2,2,1,1,14,26,12.66,0,0,0
55728,27,0,27,0,0,0,0,62,53182,4,24,36,1,1,0,0,15,21,0,1,1,1
55731,25,0,25,1,0,0,0,70,53203,6,23,36,0,6,0,0,10,18,0,1,0,0
55732,30,0,30,1,0,0,0,56,53151,6,-1,0,2,1,0,0,9,33,0,1,1,1
55740,24,0,24,1,0,0,0,53,53248,4,34,36,2,1,4,1,8,38,11.222,0,0,0
55740,24,0,24,1,0,0,0,53,53248,4,34,36,2,1,4,1,8,38,11.222,0,0,0
55753,40,8,40,0,0,0,0,47,53206,7,11,24,3,1,2,1,18,33,10.166,0,0,0
55760,35,3,35,1,0,0,0,44,53202,4,22,24,4,0,5,21,10,45,27.561,0,0,0
55763,54,26,54,0,0,0,0,44,53202,3,30,36,4,1,0,0,10,45,0,1,1,1
55767,21,0,21,1,0,0,0,62,53217,7,20,24,1,0,3,1,6,31,7.879,0,0,0
55775,32,0,32,0,0,0,0,56,53165,4,30,36,2,0,0,0,7,36,0,1,1,1
55788,26,0,26,1,0,0,0,59,53206,6,-1,0,1,0,0,0,13,26,0,1,1,1
55791,62,31,62,1,0,0,0,56,53243,4,35,36,2,1,0,0,10,32,0,1,1,1
55798,45,14,45,1,0,0,0,46,53228,5,22,24,4,1,0,0,17,35,0,1,1,1
55801,26,0,26,1,0,0,0,70,53237,2,35,36,0,1,1,1,7,21,7.496,0,0,0
55811,52,25,52,0,0,0,0,69,53193,1,19,24,0,1,0,0,18,12,0,1,1,1
55811,52,25,52,0,0,0,0,69,53193,1,19,24,0,1,0,0,18,12,0,1,1,1
55812,43,17,43,1,0,0,0,53,53236,4,24,36,3,1,0,0,12,34,0,1,1,1
55812,43,17,43,1,0,0,0,53,53236,4,24,36,3,1,0,0,12,34,0,1,1,1
55822,39,12,39,0,0,0,0,63,53152,7,27,36,1,1,0,0,11,25,0,1,1,1
55825,44,9,44,0,0,0,0,69,53248,3,29,36,0,0,3,2,11,18,13.55,0,0,0
55826,52,26,52,1,0,0,0,69,53248,2,12,24,0,0,5,2,11,18,11.182,0,0,0
55826,52,26,52,1,0,0,0,69,53248,2,12,24,0,0,5,2,11,18,11.182,0,0,0
55829,30,1,30,1,0,0,0,58,53207,4,27,36,2,3,4,2,11,30,8.438,0,0,0
55831,45,14,45,0,0,0,0,52,53204,2,40,48,3,0,5,2,8,38,10.234,0,0,0
55831,45,14,45,0,0,0,0,52,53204,2,40,48,3,0,5,2,8,38,10.234,0,0,0
55836,45,13,45,0,0,0,0,68,53196,6,-5,0,0,0,1,0,8,23,0,1,1,1
55846,54,24,54,1,0,0,0,54,53215,4,-1,0,2,0,1,0,10,35,0,1,1,1
55848,53,28,53,1,0,0,0,52,53160,2,-4,0,3,0,0,0,11,35,0,1,1,1
55853,60,29,60,1,0,0,0,61,53174,4,20,24,1,4,0,0,14,24,0,1,1,1
55853,60,29,60,1,0,0,0,61,53174,4,20,24,1,4,0,0,14,24,0,1,1,1
55858,31,2,31,1,0,0,0,57,53188,3,29,36,2,2,5,21,13,29,27.641,0,0,0
55859,40,12,40,1,0,0,0,57,53188,3,32,36,2,0,0,0,13,29,0,1,1,1
55859,40,12,40,1,0,0,0,57,53188,3,32,36,2,0,0,0,13,29,0,1,1,1
55870,29,0,29,1,0,0,0,71,53219,6,14,24,0,0,5,2,11,16,9.962,0,0,0
55877,25,0,25,0,0,0,0,55,53162,7,22,24,2,1,0,0,3,41,0,1,1,1
55878,35,5,35,1,0,0,0,51,53182,5,29,36,3,2,0,0,11,36,0,1,1,1
55879,40,9,40,1,0,0,0,51,53182,5,40,48,3,1,0,0,11,36,0,1,1,1
55890,36,7,36,1,0,0,0,49,53184,7,26,36,3,0,4,7,11,39,14.446,0,0,0
55899,41,9,41,0,0,0,1,65,53173,2,26,36,0,1,0,11,11,22,18.098,0,0,0
55915,19,0,19,1,0,0,0,50,53242,7,29,36,3,0,0,28,12,37,35.031,0,0,0
55918,26,0,26,1,0,0,0,50,53243,3,-4,0,3,0,0,0,7,42,0,1,1,1
55918,26,0,26,1,0,0,0,50,53243,3,-4,0,3,0,0,0,7,42,0,1,1,1
55921,26,0,26,0,0,0,0,56,53184,5,35,48,2,0,1,1,14,28,12.273,0,0,0
55930,40,7,40,0,0,0,0,56,53176,7,23,24,2,0,2,1,7,35,8.099,0,0,0
55939,73,42,73,1,0,0,0,47,53242,4,40,48,4,2,1,1,10,42,9.325,0,0,0
55939,73,42,73,1,0,0,0,47,53242,4,40,48,4,2,1,1,10,42,9.325,0,0,0
55946,37,8,37,1,0,0,0,60,53192,2,0,12,1,2,0,0,11,27,0,1,1,1
55948,41,14,41,1,0,0,0,58,53226,6,40,48,1,0,0,28,9,32,35.035,0,0,0
55955,42,14,42,1,0,0,0,71,53152,5,19,24,0,0,0,0,6,21,0,1,1,1
55956,23,0,23,0,0,0,0,71,53152,5,22,24,0,0,1,10,6,21,16.76,0,0,0
55956,23,0,23,0,0,0,0,71,53152,5,22,24,0,0,1,10,6,21,16.76,0,0,0
55959,27,0,27,0,0,0,0,55,53175,4,41,48,2,2,2,1,12,32,7.686,0,0,0
55959,27,0,27,0,0,0,0,55,53175,4,41,48,2,2,2,1,12,32,7.686,0,0,0
55963,41,10,41,1,0,0,0,45,53239,6,22,24,4,4,3,1,18,35,10.982,0,0,0
55965,38,7,38,0,0,0,0,61,53219,6,22,24,1,0,3,3,12,25,14.143,0,0,0
55972,20,0,20,1,0,0,0,57,53233,6,14,24,2,2,0,0,13,29,0,1,1,1
55973,41,8,41,1,0,0,0,57,53220,5,9,12,2,1,0,0,5,36,0,1,1,1
55989,47,17,47,1,0,0,0,53,53222,6,12,24,3,2,2,2,14,32,8.405,0,0,0
56000,37,5,37,1,0,0,0,58,53163,6,12,24,2,0,5,9,7,34,16.619,0,0,0
56009,62,34,62,1,0,0,0,58,53185,5,41,48,2,2,1,11,14,26,17.968,0,0,0
56018,16,0,16,1,0,0,0,53,53243,4,29,36,2,2,0,0,10,36,0,1,1,1
56031,32,2,32,0,0,0,0,45,53171,4,10,12,4,0,0,0,18,36,0,1,1,1
56051,39,13,39,1,0,0,0,56,53216,7,18,24,2,3,0,0,10,32,0,1,1,1
56071,50,17,50,1,0,0,0,54,53221,2,29,36,2,0,3,1,14,31,9.626,0,0,0
56072,16,0,16,1,0,0,0,49,53178,6,11,24,3,3,0,0,11,39,0,1,1,1
56082,44,20,44,1,0,0,0,66,53154,3,35,48,0,0,0,0,14,19,0,1,1,1
56084,31,3,31,0,0,0,0,66,53154,4,14,24,0,0,0,0,14,19,0,1,1,1
56084,31,3,31,0,0,0,0,66,53154,4,14,24,0,0,0,0,14,19,0,1,1,1
56086,37,5,37,1,0,0,0,66,53184,2,-4,0,0,2,0,0,13,20,0,1,1,1
56087,41,9,41,0,0,0,0,66,53184,2,33,36,0,1,0,0,13,20,0,1,1,1
56102,43,15,43,0,0,0,0,67,53241,6,-2,0,0,0,0,0,10,21,0,1,1,1
56103,39,11,39,0,0,0,0,54,53206,5,33,36,2,0,0,0,18,26,0,1,1,1
56112,33,4,33,1,0,0,0,44,53236,6,14,24,4,0,0,0,17,37,0,1,1,1
56112,33,4,33,1,0,0,0,44,53236,6,14,24,4,0,0,0,17,37,0,1,1,1
56114,20,0,20,0,0,0,0,59,53179,7,27,36,2,1,0,0,25,15,0,1,1,1
56115,37,4,37,0,0,0,0,59,53179,7,22,24,2,0,2,1,25,15,9.299,0,0,0
56119,52,22,52,1,0,0,0,64,53151,1,-3,0,1,2,0,0,17,17,0,1,1,1
56119,52,22,52,1,0,0,0,64,53151,1,-3,0,1,2,0,0,17,17,0,1,1,1
56120,48,17,48,0,0,0,0,60,53165,3,31,36,1,0,0,0,13,26,0,1,1,1
56125,30,0,30,0,0,0,0,68,53204,4,38,48,0,0,0,0,6,24,0,1,1,1
56134,32,2,32,0,0,0,0,63,53215,4,15,24,1,0,2,1,5,30,7.519,0,0,0
56137,53,24,53,1,0,0,0,53,53238,3,40,48,3,2,5,23,11,35,29.934,0,0,0
56137,53,24,53,1,0,0,0,53,53238,3,40,48,3,2,5,23,11,35,29.934,0,0,0
56142,43,15,43,0,0,0,0,43,53165,6,29,36,4,0,3,2,10,45,8.409,0,0,0
56145,34,1,34,0,0,0,0,49,53183,7,29,36,3,0,0,0,12,37,0,1,1,1
56155,45,15,45,0,0,0,0,43,53216,6,22,24,4,0,5,12,10,45,18.684,0,0,0
56170,51,25,51,1,0,0,0,56,53154,4,16,24,2,0,2,1,2,40,7.729,0,0,0
56171,21,0,21,1,0,0,0,56,53154,5,15,24,2,3,0,0,2,40,0,1,1,1
56172,49,17,49,0,1,0,0,79,53244,7,40,48,1,1,2,1,12,7,10.782,0,0,0
56180,37,9,37,1,0,0,0,39,53177,6,22,24,5,1,4,2,18,42,8.429,0,0,0
56180,37,9,37,1,0,0,0,39,53177,6,22,24,5,1,4,2,18,42,8.429,0,0,0
56181,16,0,16,1,0,0,0,38,53184,4,21,24,5,4,0,0,15,46,0,1,1,1
56191,30,0,30,1,0,0,0,44,53250,7,0,12,4,0,0,0,9,46,0,1,1,1
56209,38,10,38,1,0,0,0,65,53210,5,7,12,0,0,3,1,6,27,11.22,0,0,0
56215,45,17,45,0,0,0,0,56,53276,4,36,48,2,0,1,1,7,36,8.239,0,0,0
56229,45,14,45,0,0,0,0,54,53306,6,33,36,2,0,2,1,14,31,8.116,0,0,0
56233,20,0,20,0,0,1,0,53,53292,5,17,24,2,2,5,2,12,34,8.386,0,0,0
56239,52,21,52,0,0,0,0,64,53317,1,34,36,1,0,0,0,8,26,0,1,1,1
56242,54,25,54,0,0,0,0,46,53328,4,-4,0,4,0,0,0,9,43,0,1,1,1
56243,52,23,52,0,0,0,0,46,53328,4,9,12,4,3,3,6,9,43,12.953,0,0,0
56244,40,8,40,1,0,0,0,31,53277,6,40,48,6,0,4,3,16,51,9.391,0,0,0
56249,36,7,36,0,0,0,0,60,53339,7,14,24,1,0,4,3,11,27,11.214,0,0,0
56255,38,6,38,0,0,0,0,48,53292,3,41,48,3,2,3,1,18,33,13.197,0,0,0
56257,40,12,40,0,0,0,0,65,53268,3,-1,0,0,1,0,0,10,24,0,1,1,1
56258,53,19,53,0,0,0,0,62,53318,3,22,24,1,2,1,3,2,35,11.994,0,0,0
56264,48,17,48,0,0,0,0,55,53259,2,-3,0,2,0,0,0,12,32,0,1,1,1
56264,48,17,48,0,0,0,0,55,53259,2,-3,0,2,0,0,0,12,32,0,1,1,1
56266,57,27,57,0,0,0,0,52,53346,2,-2,0,3,3,0,0,12,34,0,1,1,1
56266,57,27,57,0,0,0,0,52,53346,2,-2,0,3,3,0,0,12,34,0,1,1,1
56273,34,6,34,1,0,0,0,41,53325,5,15,24,4,3,2,1,11,46,8.926,0,0,0
56290,35,7,35,1,0,0,0,53,53282,4,29,36,2,1,2,1,11,35,7.832,0,0,0
56298,18,0,18,1,0,0,0,45,53336,7,27,36,4,4,4,2,8,45,11.809,0,0,0
56306,43,14,43,0,0,0,0,43,53300,3,11,24,4,0,1,1,14,41,11.319,0,0,0
56311,44,14,44,0,0,0,0,58,53251,6,12,24,1,0,0,0,11,30,0,1,1,1
56314,28,0,28,0,0,1,0,50,53262,6,11,24,3,1,1,18,13,36,25.961,0,0,0
56318,20,0,20,0,0,0,0,41,53336,6,12,24,4,1,0,0,17,41,0,1,1,1
56318,20,0,20,0,0,0,0,41,53336,6,12,24,4,1,0,0,17,41,0,1,1,1
56325,47,17,47,1,0,0,0,47,53340,3,22,24,4,2,3,1,11,41,11.06,0,0,0
56334,43,9,43,0,0,0,0,61,53314,3,13,24,1,4,0,0,7,31,0,1,1,1
56335,33,3,33,1,0,0,0,61,53314,3,10,12,1,1,4,3,7,31,11.332,0,0,0
56343,37,5,37,1,0,0,0,65,53268,2,22,24,0,2,5,3,4,29,11.501,0,0,0
56343,37,5,37,1,0,0,0,65,53268,2,22,24,0,2,5,3,4,29,11.501,0,0,0
56353,43,13,43,1,0,0,0,62,53279,3,17,24,1,0,0,0,9,28,0,1,1,1
56355,41,13,41,0,0,0,0,66,53266,7,29,36,0,1,4,2,5,27,9.288,0,0,0
56364,30,1,30,1,0,0,0,53,53372,6,23,36,2,1,3,1,21,25,10.839,0,0,0
56367,42,13,42,1,0,0,0,46,53363,5,28,36,4,7,0,0,12,41,0,1,1,1
56372,34,3,34,0,0,0,0,58,53438,6,21,24,2,4,5,2,8,32,12.308,0,0,0
56377,40,10,40,1,0,0,0,44,53420,4,22,24,4,0,1,14,7,47,20.645,0,0,0
56385,45,14,45,0,0,0,0,70,53386,4,24,36,0,1,0,0,12,16,0,1,1,1
56386,10,0,10,0,0,0,0,65,53423,3,30,36,0,1,1,1,13,20,7.532,0,0,0
56392,38,8,38,0,0,0,0,31,53434,7,36,48,6,0,2,16,12,56,22.878,0,0,0
56420,43,19,43,0,0,0,0,49,53373,3,35,36,3,0,0,0,14,35,0,1,1,1
56420,43,19,43,0,0,0,0,49,53373,3,35,36,3,0,0,0,14,35,0,1,1,1
56421,39,6,39,1,0,1,0,60,53432,3,31,36,1,2,4,2,18,21,10.832,0,0,0
56442,39,10,39,0,0,0,0,59,53404,5,14,24,2,1,0,0,10,30,0,1,1,1
56446,26,0,26,0,0,0,0,56,53400,5,41,48,2,0,4,2,11,31,8.522,0,0,0
56451,40,15,40,0,0,0,0,55,53397,2,35,36,2,1,0,0,9,35,0,1,1,1
56456,37,5,37,1,0,0,0,60,53440,6,12,24,1,0,5,17,13,25,24.622,0,0,0
56456,37,5,37,1,0,0,0,60,53440,6,12,24,1,0,5,17,13,25,24.622,0,0,0
56465,64,39,64,0,0,0,0,55,53423,2,20,24,2,0,2,2,11,33,12.945,0,0,0
56465,64,39,64,0,0,0,0,55,53423,2,20,24,2,0,2,2,11,33,12.945,0,0,0
56467,41,14,41,0,0,0,0,69,53431,5,21,24,0,0,2,1,6,24,8.762,0,0,0
56473,32,0,32,1,0,0,0,51,53398,7,26,36,3,1,1,2,9,39,9.128,0,0,0
56491,71,38,71,1,0,0,0,50,53419,2,13,24,3,2,0,0,5,43,0,1,1,1
56494,40,11,40,0,0,0,0,66,53400,5,22,24,0,3,5,4,20,13,13,0,0,0
56494,40,11,40,0,0,0,0,66,53400,5,22,24,0,3,5,4,20,13,13,0,0,0
56505,42,16,42,0,0,0,0,50,53412,2,33,36,3,1,0,0,9,39,0,1,1,1
56510,51,25,51,0,0,0,0,67,53369,2,27,36,0,4,0,0,5,27,0,1,1,1
56514,34,5,34,1,0,0,0,40,53428,4,7,12,5,0,0,0,9,49,0,1,1,1
56514,34,5,34,1,0,0,0,40,53428,4,7,12,5,0,0,0,9,49,0,1,1,1
56523,57,26,57,1,0,0,0,56,53357,4,7,12,2,2,0,27,9,33,33.844,0,0,0
56527,48,20,48,1,0,0,0,47,53378,2,-3,0,4,0,0,0,16,36,0,1,1,1
56527,48,20,48,1,0,0,0,47,53378,2,-3,0,4,0,0,0,16,36,0,1,1,1
56534,47,20,47,0,0,0,0,50,53439,5,26,36,3,0,0,0,10,38,0,1,1,1
56534,47,20,47,0,0,0,0,50,53439,5,26,36,3,0,0,0,10,38,0,1,1,1
56538,38,2,38,0,0,0,0,22,53398,3,38,48,8,1,0,0,11,66,0,1,1,1
56548,47,17,47,0,0,0,0,45,53424,3,30,36,4,1,0,0,12,41,0,1,1,1
56552,37,8,37,1,0,0,0,63,53359,3,12,24,1,0,3,2,12,23,8.349,0,0,0
56555,47,12,47,1,0,0,0,36,53444,3,17,24,5,0,0,0,8,54,0,1,1,1
56564,44,15,44,0,0,0,0,67,53434,5,25,36,0,0,0,0,10,21,0,1,1,1
56571,46,14,46,0,0,0,0,71,53434,6,16,24,0,0,0,0,9,18,0,1,1,1
56579,30,0,30,0,0,0,0,53,53423,4,11,12,2,2,2,1,11,34,12.663,0,0,0
56579,30,0,30,0,0,0,0,53,53423,4,11,12,2,2,2,1,11,34,12.663,0,0,0
56588,54,23,54,1,0,0,0,53,53398,6,22,24,2,0,3,2,17,28,8.402,0,0,0
56597,36,9,36,0,0,0,0,52,53425,5,29,36,3,1,0,0,10,37,0,1,1,1
56598,39,10,39,0,0,0,0,50,53372,7,29,36,3,3,4,3,12,37,9.57,0,0,0
56610,55,26,55,0,0,0,0,45,53400,6,10,12,4,0,2,1,10,43,7.369,0,0,0
56612,36,6,36,1,0,1,0,58,53351,2,29,36,2,1,4,2,14,27,9.782,0,0,0
56614,46,17,46,1,0,0,0,59,53389,3,14,24,1,0,2,22,11,29,29.485,0,0,0
56622,62,32,62,0,0,0,0,53,53424,1,10,12,2,1,5,3,7,38,9.6,0,0,0
56624,46,13,46,0,0,0,0,48,53432,2,7,12,3,3,2,2,8,42,11.21,0,0,0
56634,33,0,33,0,0,0,0,47,53447,2,25,36,3,3,0,0,11,40,0,1,1,1
56639,29,0,29,0,0,0,0,62,53400,5,14,24,1,0,2,1,8,29,8.216,0,0,0
56642,22,0,22,0,0,0,0,62,53433,2,17,24,1,5,0,0,13,23,0,1,1,1
56643,48,20,48,1,0,0,0,50,53434,6,35,36,3,0,0,0,15,33,0,1,1,1
56646,38,8,38,1,0,0,0,55,53398,7,23,24,2,0,0,0,9,34,0,1,1,1
56657,27,0,27,0,0,0,0,37,53447,5,6,12,5,1,0,0,22,39,0,1,1,1
56658,30,0,30,0,0,0,0,44,53386,2,14,24,4,1,4,2,8,47,11.725,0,0,0
56659,51,22,51,1,0,0,0,72,53369,3,29,36,0,0,2,1,8,19,7.646,0,0,0
56664,47,19,47,0,0,0,0,52,53399,4,22,24,3,0,3,2,11,36,11.707,0,0,0
56673,32,1,32,1,0,1,0,53,53390,7,10,12,3,1,3,2,7,39,8.796,0,0,0
56680,76,44,76,1,0,0,0,48,53399,2,25,36,3,0,0,0,10,41,0,1,1,1
56689,39,14,39,1,0,0,0,67,53363,6,12,24,0,0,0,0,16,16,0,1,1,1
56691,63,34,63,0,0,0,0,69,53374,5,20,24,0,2,2,1,11,19,10.682,0,0,0
56692,39,8,39,0,0,0,0,46,53353,6,11,24,4,0,0,0,9,43,0,1,1,1
56701,41,14,41,0,0,0,0,56,53400,7,40,48,2,6,2,1,12,31,9.484,0,0,0
56717,76,49,76,0,0,1,0,51,53400,4,28,36,3,0,0,0,19,28,0,1,0,0
56730,33,4,33,1,0,0,0,56,53481,6,36,48,2,1,0,0,10,33,0,1,1,1
56736,29,4,29,1,0,0,0,48,53521,2,11,24,3,2,0,0,8,43,0,1,1,1
56737,48,19,48,0,0,0,0,63,53522,6,12,24,1,0,2,1,12,23,9.532,0,0,0
56742,30,0,30,1,0,0,0,49,53479,2,-5,0,3,1,1,0,15,35,0,1,1,1
56745,47,21,47,1,0,0,0,60,53470,3,24,36,1,1,0,2,8,31,8.957,0,0,0
56747,68,39,68,0,0,0,0,67,53530,6,-5,0,0,0,0,0,12,20,0,1,1,1
56751,43,12,43,0,0,0,0,44,53458,2,29,36,4,4,5,2,7,47,8.931,0,0,0
56751,43,12,43,0,0,0,0,44,53458,2,29,36,4,4,5,2,7,47,8.931,0,0,0
56755,44,10,44,0,0,0,0,60,53524,5,22,24,1,0,3,3,15,23,12.271,0,0,0
56772,35,5,35,1,0,0,0,47,53585,6,16,24,3,1,0,0,14,37,0,1,1,1
56774,27,0,27,1,0,0,0,56,53632,6,30,36,2,1,0,0,5,37,0,1,1,1
56784,46,17,46,1,0,0,0,60,53592,6,-4,0,1,0,0,0,5,34,0,1,1,1
56787,26,0,26,0,0,0,0,54,53577,2,18,24,2,0,0,0,7,37,0,1,1,1
56792,44,12,44,0,0,0,0,73,53624,2,12,24,0,3,4,1,8,18,9.902,0,0,0
56797,49,16,49,0,0,0,0,60,53632,2,40,48,1,0,6,6,9,29,12.647,0,0,0
56807,23,0,23,1,0,0,0,58,53566,4,-1,0,2,1,1,0,12,29,0,1,1,1
56823,32,4,32,1,0,0,0,59,53562,2,24,36,2,1,0,0,10,30,0,1,1,1
56837,38,4,38,0,0,0,0,56,53622,7,6,12,2,0,0,0,14,28,0,1,1,1
56837,38,4,38,0,0,0,0,56,53622,7,6,12,2,0,0,0,14,28,0,1,1,1
56842,20,0,20,1,0,0,0,60,53578,3,40,48,1,1,6,3,8,31,9.847,0,0,0
56846,52,24,52,1,0,0,0,55,53630,5,-4,0,2,2,0,0,12,31,0,1,1,1
56867,42,13,42,1,0,0,0,49,53580,4,9,12,3,3,0,1,12,37,10.166,0,0,0
56876,63,30,63,1,0,0,0,63,53593,3,28,36,1,0,4,1,10,26,9.7,0,0,0
56886,45,16,45,0,0,0,0,60,53577,2,11,24,1,0,0,0,14,25,0,1,1,1
56886,45,16,45,0,0,0,0,60,53577,2,11,24,1,0,0,0,14,25,0,1,1,1
56888,37,6,37,1,0,0,0,35,53617,6,6,12,6,0,2,2,12,52,10.628,0,0,0
56902,36,7,36,0,0,0,0,54,53591,6,-3,0,2,0,1,0,23,22,0,1,1,1
56924,35,5,35,0,0,0,0,62,53590,2,22,24,1,1,3,2,10,26,8.507,0,0,0
56926,65,41,65,1,0,0,0,62,53606,2,7,12,1,2,0,0,11,26,0,1,1,1
56937,54,27,54,0,0,0,1,75,53583,4,32,36,0,0,4,9,6,17,17.117,0,0,0
56962,26,0,26,1,0,0,0,60,53713,2,9,12,1,0,3,1,11,27,9.282,0,0,0
56966,53,23,53,0,0,0,0,70,53687,1,41,48,0,2,2,1,11,18,11.756,0,0,0
56966,53,23,53,0,0,0,0,70,53687,1,41,48,0,2,2,1,11,18,11.756,0,0,0
56968,51,21,51,0,0,0,0,40,53661,6,37,48,5,1,0,0,18,41,0,1,1,1
56980,34,3,34,1,0,0,0,73,53825,3,40,48,0,0,2,1,11,15,7.512,0,0,0
56991,38,7,38,1,0,0,0,39,53790,6,39,48,5,0,0,0,12,47,0,1,1,1
57008,41,14,41,0,0,0,0,57,53823,6,27,36,2,1,0,0,5,37,0,1,1,1
57026,49,24,49,1,0,0,0,71,53767,2,14,24,0,7,0,0,10,17,0,1,1,1
57031,54,25,54,0,0,0,0,44,53815,4,27,36,4,1,2,1,10,44,7.666,0,0,0
57035,31,0,31,0,0,0,0,48,53825,3,19,24,3,1,0,0,13,38,0,1,1,1
57047,47,20,47,1,0,0,0,46,53845,2,25,36,4,0,0,0,17,35,0,1,1,1
57047,47,20,47,1,0,0,0,46,53845,2,25,36,4,0,0,0,17,35,0,1,1,1
57048,36,5,36,0,0,0,0,46,53845,3,5,12,4,2,3,1,17,35,13.183,0,0,0
57077,28,0,28,1,0,0,0,44,53942,5,25,36,4,0,3,2,11,43,10.248,0,0,0
57078,57,28,57,0,0,0,0,66,53947,6,33,36,0,2,0,0,16,17,0,1,1,1
57078,57,28,57,0,0,0,0,66,53947,6,33,36,0,2,0,0,16,17,0,1,1,1
57081,35,3,35,0,0,0,0,67,53874,5,16,24,0,2,0,0,4,28,0,1,1,1
57081,35,3,35,0,0,0,0,67,53874,5,16,24,0,2,0,0,4,28,0,1,1,1
57094,43,10,43,1,0,0,0,53,54024,4,31,36,2,0,0,0,12,33,0,1,1,1
57096,23,0,23,0,0,0,0,56,54050,2,-2,0,2,1,0,0,14,28,0,1,1,1
57106,34,4,34,0,0,0,0,52,54027,3,30,36,2,0,0,0,13,33,0,1,1,1
57106,34,4,34,0,0,0,0,52,54027,3,30,36,2,0,0,0,13,33,0,1,1,1
57107,31,3,31,1,0,0,0,52,54027,3,37,48,2,1,0,0,13,33,0,1,1,1
57111,36,8,36,1,0,0,0,42,54019,3,12,24,4,0,0,0,21,36,0,1,1,1
57113,38,11,38,1,0,0,0,57,54050,4,15,24,2,1,3,1,10,31,7.192,0,0,0
57114,46,14,46,1,0,0,0,57,54050,4,35,48,2,1,0,0,10,31,0,1,1,1
57115,35,1,35,1,0,0,0,55,54003,4,22,24,2,1,2,1,12,32,8.086,0,0,0
57124,32,0,32,0,0,0,0,49,54049,7,5,12,3,0,3,1,18,31,9.726,0,0,0
57125,18,0,18,0,0,0,0,44,53994,4,-1,0,4,0,3,0,13,42,0,1,1,1
57145,15,0,15,1,0,0,0,50,53990,3,24,36,3,0,0,0,10,39,0,1,1,1
57145,15,0,15,1,0,0,0,50,53990,3,24,36,3,0,0,0,10,39,0,1,1,1
57146,38,9,38,0,0,0,0,50,53978,6,-4,0,3,7,0,0,14,35,0,1,0,0
57162,53,22,53,0,0,0,0,61,54019,3,22,24,1,0,2,30,11,27,36.918,0,0,0
57173,44,12,44,1,0,0,0,42,53958,3,22,24,4,1,0,0,11,45,0,1,1,1
57174,33,3,33,0,0,0,0,43,53975,3,28,36,4,0,0,0,14,42,0,1,1,1
57175,28,0,28,0,0,0,0,43,53975,3,22,24,4,0,0,0,14,42,0,1,1,1
57195,37,11,37,1,0,0,0,49,54038,5,34,36,3,3,0,0,7,42,0,1,1,1
57208,33,5,33,1,0,0,0,53,54009,2,5,12,2,2,3,1,12,33,7.482,0,0,0
57212,35,4,35,0,0,0,0,58,53981,7,26,36,2,0,3,1,13,27,12.189,0,0,0
57213,30,0,30,0,0,0,0,58,53981,7,25,36,2,0,3,24,13,27,31.025,0,0,0
57213,30,0,30,0,0,0,0,58,53981,7,25,36,2,0,3,24,13,27,31.025,0,0,0
57221,36,8,36,1,0,0,0,61,53981,4,8,12,1,1,1,5,3,35,14.636,0,0,0
57224,35,5,35,1,0,0,0,58,54009,4,36,48,2,0,2,1,14,27,8.616,0,0,0
57254,39,10,39,1,0,0,0,53,53954,6,12,24,2,0,4,2,22,23,0,1,1,1
57261,57,27,57,0,0,0,0,55,54003,2,17,24,2,1,0,0,12,31,0,1,1,1
57263,17,0,17,1,0,0,0,60,54045,2,27,36,2,0,5,3,6,33,10.841,0,0,0
57267,38,8,38,1,0,0,0,56,54021,2,18,24,2,0,0,0,10,33,0,1,1,1
57271,36,11,36,0,0,0,0,43,53984,6,41,48,4,0,4,1,12,43,11.252,0,0,0
57281,53,21,53,1,0,0,0,69,53991,5,29,36,0,4,5,3,9,20,11.297,0,0,0
57299,30,0,30,1,0,0,0,55,53971,2,-5,0,2,0,1,0,11,32,0,1,1,1
57302,26,0,26,0,0,1,0,65,53979,7,13,24,0,3,0,0,8,26,0,1,0,0
57307,35,8,35,1,0,0,0,79,53969,2,29,36,1,7,3,2,4,16,8.902,0,0,0
57308,48,19,48,0,0,0,0,62,54005,6,21,24,1,1,2,1,7,29,9.699,0,0,0
57308,48,19,48,0,0,0,0,62,54005,6,21,24,1,1,2,1,7,29,9.699,0,0,0
57324,52,23,52,1,0,0,0,42,54016,6,29,36,4,0,0,0,14,42,0,1,1,1
57325,49,21,49,1,0,0,0,63,54006,1,37,48,1,0,0,0,10,26,0,1,1,1
57334,39,9,39,0,0,0,0,46,53992,4,-2,0,4,0,0,0,14,38,0,1,1,1
57338,43,14,43,1,0,0,0,31,53958,2,-1,0,6,2,1,0,7,61,0,1,1,1
57340,25,0,25,1,0,0,0,31,53958,2,37,48,6,1,0,0,7,61,0,1,1,1
57340,25,0,25,1,0,0,0,31,53958,2,37,48,6,1,0,0,7,61,0,1,1,1
57352,23,0,23,1,0,0,0,44,53959,4,29,36,4,1,0,0,12,43,0,1,1,1
57352,23,0,23,1,0,0,0,44,53959,4,29,36,4,1,0,0,12,43,0,1,1,1
57360,41,14,41,0,0,0,0,42,53959,5,7,12,4,1,6,27,9,47,34.43,0,0,0
57365,39,12,39,1,0,0,0,45,54033,4,-4,0,4,1,0,0,9,44,0,1,1,1
57370,39,8,39,1,0,0,0,34,53992,5,11,12,6,0,0,0,13,51,0,1,1,1
57373,53,24,53,0,0,0,0,58,54044,1,13,24,2,0,0,0,11,30,0,1,1,1
57395,48,15,48,0,0,0,0,61,54047,7,-6,0,1,1,1,0,8,29,0,1,1,1
57400,44,15,44,0,0,0,0,52,53967,5,22,24,3,1,3,1,9,38,10.552,0,0,0
57403,51,22,51,1,0,0,0,51,53978,5,22,24,3,1,0,0,10,37,0,1,1,1
57411,56,30,56,1,0,0,0,77,53976,6,25,36,1,1,3,2,11,11,10.113,0,0,0
57420,45,16,45,1,0,0,0,57,53976,4,7,12,2,0,0,21,15,27,27.971,0,0,0
57420,45,16,45,1,0,0,0,57,53976,4,7,12,2,0,0,21,15,27,27.971,0,0,0
57423,44,21,44,1,0,0,0,40,53979,5,28,36,5,3,0,0,12,46,0,1,1,1
57427,19,0,19,0,0,0,0,57,54000,4,40,48,2,2,0,0,13,29,0,1,1,1
57430,43,9,43,0,0,0,0,63,54042,6,23,24,1,0,0,0,9,26,0,1,1,1
57430,43,9,43,0,0,0,0,63,54042,6,23,24,1,0,0,0,9,26,0,1,1,1
57435,29,4,29,1,0,0,0,50,54017,6,23,36,3,0,0,0,20,28,0,1,1,1
57435,29,4,29,1,0,0,0,50,54017,6,23,36,3,0,0,0,20,28,0,1,1,1
57458,80,51,80,0,0,0,0,44,54000,2,33,36,4,2,0,0,10,45,0,1,1,1
57459,61,33,61,1,0,0,0,44,54000,2,24,36,4,3,3,1,10,45,9.849,0,0,0
57466,23,0,23,1,0,0,0,57,54018,4,39,48,2,0,4,2,10,32,10.509,0,0,0
57467,38,11,38,1,0,0,0,35,54033,6,8,12,5,3,3,2,16,48,9.394,0,0,0
57467,38,11,38,1,0,0,0,35,54033,6,8,12,5,3,3,2,16,48,9.394,0,0,0
57477,37,9,37,0,0,0,0,36,54046,2,-1,0,5,0,0,0,20,42,0,1,1,1
57477,37,9,37,0,0,0,0,36,54046,2,-1,0,5,0,0,0,20,42,0,1,1,1
57490,44,16,44,0,0,0,0,78,54014,2,11,24,1,1,0,0,3,18,0,1,1,1
57498,34,5,34,1,0,0,0,58,54039,2,6,12,2,7,5,28,20,20,35.308,0,0,0
57500,36,7,36,1,0,0,0,49,54045,3,37,48,3,1,0,0,14,36,0,1,1,1
57500,36,7,36,1,0,0,0,49,54045,3,37,48,3,1,0,0,14,36,0,1,1,1
57503,39,7,39,0,0,0,0,53,54026,6,38,48,3,1,5,2,4,42,9.353,0,0,0
57530,66,39,66,1,0,0,0,69,53975,6,41,48,0,0,3,5,12,17,11.665,0,0,0
57531,39,11,39,1,0,0,0,69,53975,7,38,48,0,1,0,0,12,17,0,1,1,1
57537,31,0,31,1,0,0,0,73,54001,7,28,36,0,0,2,1,8,18,7.596,0,0,0
57545,39,8,39,1,0,0,0,36,53953,2,38,48,5,1,4,1,11,52,10.016,0,0,0
57555,24,0,24,0,0,0,0,52,53992,3,41,48,3,3,4,3,8,38,10.483,0,0,0
57579,43,16,43,1,0,0,0,60,53960,3,40,48,1,4,2,1,11,27,9.549,0,0,0
57585,39,9,39,0,0,0,0,46,53975,3,40,48,4,2,2,1,15,38,7.582,0,0,0
57586,29,0,29,0,0,0,0,59,54044,3,14,24,1,2,0,0,4,35,0,1,1,1
57588,31,5,31,0,0,0,0,59,54044,3,23,24,1,0,0,0,4,35,0,1,1,1
57592,41,12,41,0,0,0,0,58,53992,7,29,36,2,0,4,3,9,32,12.436,0,0,0
57593,48,20,48,1,0,0,0,52,54019,3,12,24,2,0,0,0,7,39,0,1,1,1
57597,42,10,42,0,0,0,0,63,54004,3,9,12,1,0,0,0,11,25,0,1,1,1
57606,38,6,38,1,0,0,0,55,54015,7,27,36,2,4,0,0,12,32,0,1,1,1
57618,38,6,38,1,0,0,0,38,53984,5,7,12,5,1,3,1,18,43,9.149,0,0,0
57620,52,23,52,1,0,0,0,38,53984,4,22,24,5,1,0,0,18,43,0,1,1,1
57620,52,23,52,1,0,0,0,38,53984,4,22,24,5,1,0,0,18,43,0,1,1,1
57634,31,0,31,1,1,0,0,78,54045,4,22,24,1,0,4,3,14,7,11.889,0,0,0
57637,34,3,34,1,0,0,0,50,53971,7,-3,0,3,0,0,0,11,38,0,1,1,1
57640,36,9,36,0,0,0,0,56,53972,3,6,12,2,1,0,0,4,38,0,1,1,1
57642,53,23,53,1,0,0,0,51,53959,4,-4,0,3,1,0,0,11,36,0,1,1,1
57646,32,6,32,0,0,0,0,59,53954,7,18,24,2,0,0,0,7,33,0,1,1,1
57659,36,2,36,1,0,0,0,58,54103,3,24,36,1,0,0,0,7,33,0,1,1,1
57672,37,7,37,1,0,0,0,67,54117,7,40,48,0,1,0,0,11,20,0,1,1,1
57680,27,0,27,1,0,0,0,57,54086,4,32,36,2,6,0,0,10,32,0,1,1,1
57685,38,8,38,1,0,0,0,53,54139,2,33,36,2,5,0,0,9,36,0,1,1,1
57689,51,22,51,1,0,0,0,58,54075,2,29,36,1,0,3,2,14,26,12.963,0,0,0
57696,49,19,49,0,0,0,0,60,54117,2,14,24,1,1,0,0,5,33,0,1,1,1
57703,40,16,40,1,0,0,0,55,54066,7,-4,0,2,4,0,0,10,34,0,1,1,1
57704,40,9,40,0,0,0,0,50,54063,4,35,36,3,3,2,1,6,43,0,1,1,1
57705,41,12,41,0,0,0,0,43,54105,7,11,12,4,1,0,0,13,42,0,1,1,1
57719,44,12,44,1,0,0,0,46,54136,7,18,24,4,0,0,0,19,34,0,1,1,1
57730,26,0,26,1,0,0,0,63,54062,2,17,24,1,2,0,0,7,29,0,1,1,1
57731,47,17,47,0,0,0,0,58,54140,7,-5,0,2,3,1,0,9,32,0,1,1,1
57742,34,3,34,1,0,1,0,63,54083,5,25,36,1,5,4,3,11,24,11.037,0,0,0
57748,32,1,32,1,0,0,0,62,54077,4,28,36,1,0,1,1,10,27,10.126,0,0,0
57749,35,4,35,1,0,0,0,40,54092,3,36,48,5,2,0,0,13,45,0,1,1,1
57783,61,29,61,0,0,0,0,58,54186,2,20,24,2,0,0,0,11,29,0,1,1,1
57788,41,9,41,0,0,0,0,43,54241,4,41,48,4,0,4,1,12,44,11.399,0,0,0
57791,45,18,45,1,0,0,0,49,54230,6,-2,0,3,0,1,0,8,42,0,1,1,1
57792,16,0,16,0,0,0,0,56,54207,7,35,36,2,1,2,1,13,29,11.096,0,0,0
57793,34,4,34,1,0,0,0,53,54176,5,7,12,2,0,0,0,16,29,0,1,1,1
57799,33,7,33,0,0,0,0,69,54188,2,11,12,0,0,0,0,14,16,0,1,1,1
57810,33,4,33,1,0,0,0,41,54174,3,21,24,4,0,2,1,12,46,12.117,0,0,0
57818,40,15,40,1,0,0,0,66,54248,4,32,36,0,1,3,3,10,23,9.631,0,0,0
57820,31,1,31,1,0,0,0,53,54330,4,22,24,2,1,1,1,19,26,9.989,0,0,0
57823,32,5,32,1,0,0,0,73,54349,2,21,24,0,0,3,21,11,14,27.561,0,0,0
57840,36,6,36,1,0,0,0,67,54287,3,25,36,0,0,0,0,13,19,0,1,1,1
57846,40,8,40,0,0,0,0,27,54348,3,25,36,7,0,0,0,18,54,0,1,1,1
57854,30,0,30,0,0,0,0,51,54284,7,29,36,3,3,3,1,13,34,12.376,0,0,0
57856,19,0,19,0,0,0,0,56,54286,4,18,24,2,1,1,1,10,33,8.449,0,0,0
57890,52,24,52,1,0,0,1,51,54298,1,19,24,3,0,2,9,9,39,15.583,0,0,0
57920,37,8,37,1,0,0,0,62,54296,4,11,24,1,0,4,3,20,17,10.817,0,0,0
57924,18,0,18,0,0,0,0,62,54340,2,12,24,1,0,5,3,7,29,9.299,0,0,0
57929,30,0,30,0,0,0,0,61,54345,6,-3,0,1,0,0,0,13,25,0,1,1,1
57935,34,4,34,0,0,0,0,61,54273,4,20,24,1,2,0,0,9,29,0,1,1,1
57939,23,0,23,1,0,0,0,42,54348,4,38,48,4,0,2,1,8,48,7.569,0,0,0
57943,39,2,39,1,0,0,0,64,54264,2,6,12,1,1,4,2,12,23,10.335,0,0,0
57945,45,13,45,1,0,0,0,63,54301,7,22,24,1,1,0,0,6,30,0,1,1,1
57947,53,22,53,1,0,0,0,49,54272,6,40,48,3,1,3,3,12,37,9.741,0,0,0
57952,32,6,32,0,0,0,0,65,54263,6,32,36,1,1,0,0,9,24,0,1,1,1
57952,32,6,32,0,0,0,0,65,54263,6,32,36,1,1,0,0,9,24,0,1,1,1
57953,11,0,11,0,0,0,0,44,54257,3,24,36,4,0,6,3,13,41,10.984,0,0,0
57955,41,13,41,1,0,0,0,52,54254,6,0,12,3,1,0,0,7,40,0,1,1,1
57963,46,13,46,0,0,0,0,54,54251,4,26,36,2,3,0,0,11,33,0,1,1,1
57968,64,39,64,1,0,0,0,53,54277,3,20,24,3,0,0,0,10,36,0,1,1,1
57968,64,39,64,1,0,0,0,53,54277,3,20,24,3,0,0,0,10,36,0,1,1,1
57971,49,22,49,1,0,0,0,66,54334,6,-4,0,0,0,0,0,7,25,0,1,1,1
57993,33,2,33,0,0,0,0,58,54322,7,17,24,2,1,4,3,2,39,10.195,0,0,0
58000,44,17,44,0,0,0,0,59,54296,4,38,48,1,3,0,0,11,29,0,1,1,1
58000,44,17,44,0,0,0,0,59,54296,4,38,48,1,3,0,0,11,29,0,1,1,1
58012,43,7,43,0,0,0,0,57,54395,4,5,12,2,0,0,0,12,30,0,1,1,1
58015,35,6,35,1,0,0,0,60,54357,6,27,36,1,0,0,0,9,29,0,1,1,1
58033,61,31,61,0,0,0,0,42,54358,4,19,24,4,2,0,0,17,39,0,1,1,1
58034,39,12,39,0,0,0,0,58,54393,5,-4,0,2,0,0,0,10,30,0,1,1,1
58042,19,0,19,0,0,0,0,70,54373,4,35,48,0,0,3,2,6,22,13.281,0,0,0
58049,57,29,57,0,0,0,0,50,54380,2,-3,0,3,1,0,0,13,36,0,1,1,1
58059,39,7,39,1,0,0,0,33,54418,2,11,24,6,0,0,0,17,48,0,1,1,1
58069,49,15,49,0,0,0,0,70,54351,3,30,36,0,4,0,8,13,16,15.184,0,0,0
58091,39,9,39,1,0,0,0,35,54446,5,22,24,6,3,4,1,13,50,7.768,0,0,0
58097,36,4,36,0,0,1,0,61,54382,5,10,12,1,3,3,1,7,30,9.499,0,0,0
58117,32,5,32,1,0,0,0,45,54419,5,38,48,4,1,0,0,14,39,0,1,1,1
58120,58,32,58,0,0,0,0,50,54424,5,37,48,3,0,0,0,15,34,0,1,1,1
58120,58,32,58,0,0,0,0,50,54424,5,37,48,3,0,0,0,15,34,0,1,1,1
58121,42,12,42,1,0,0,0,65,54413,6,30,36,0,2,0,0,12,22,0,1,1,1
58126,32,3,32,1,0,0,0,61,54448,2,27,36,1,0,3,3,8,30,10.921,0,0,0
58141,41,11,41,0,0,0,0,56,54418,4,24,36,2,2,0,0,16,26,0,1,1,1
58143,36,4,36,1,0,0,0,61,54418,6,22,24,1,1,3,2,13,24,8.663,0,0,0
58157,30,0,30,0,0,0,0,60,54428,7,0,12,1,4,0,0,9,30,0,1,1,1
58159,63,34,63,1,0,0,0,67,54392,3,36,48,0,3,3,10,6,26,17.394,0,0,0
58160,35,7,35,1,0,0,0,57,54434,4,14,24,2,0,0,0,9,32,0,1,1,1
58161,32,1,32,0,0,0,0,54,54383,4,21,24,2,0,2,1,12,33,8.039,0,0,0
58162,20,0,20,1,0,0,0,54,54383,4,16,24,2,0,0,0,12,33,0,1,1,1
58165,58,30,58,1,0,0,0,43,54398,3,19,24,4,1,0,0,15,40,0,1,1,1
58176,30,3,30,1,0,0,0,47,54431,4,-1,0,4,1,1,0,11,41,0,1,1,1
58177,48,20,48,1,0,0,0,55,54369,3,-5,0,2,0,0,0,9,35,0,1,1,1
58183,45,17,45,0,0,0,0,52,54389,2,35,36,3,1,2,1,14,32,9.369,0,0,0
58188,28,1,28,1,0,0,0,60,54388,3,8,12,1,3,0,0,7,31,0,1,1,1
58190,36,7,36,0,0,0,0,49,54377,6,38,48,3,0,3,2,14,35,9.059,0,0,0
58192,26,0,26,1,0,0,0,58,54376,5,40,48,2,2,4,2,9,32,9.358,0,0,0
58206,35,4,35,0,0,0,0,58,54411,7,31,36,1,0,0,0,7,34,0,1,1,1
58206,35,4,35,0,0,0,0,58,54411,7,31,36,1,0,0,0,7,34,0,1,1,1
58213,34,7,34,1,0,0,0,62,54373,3,13,24,1,1,0,0,13,24,0,1,1,1
58218,45,14,45,1,0,0,0,53,54404,2,7,12,3,1,2,1,13,33,9.363,0,0,0
58219,49,15,49,1,0,0,0,53,54404,2,-6,0,3,0,0,0,13,33,0,1,1,1
58224,32,4,32,1,0,0,0,62,54406,6,11,24,1,0,2,1,3,33,13.029,0,0,0
58226,80,53,80,1,0,0,0,62,54406,5,9,12,1,0,0,0,3,33,0,1,1,1
58233,35,6,35,1,0,0,0,55,54372,4,25,36,2,1,3,2,8,35,9.816,0,0,0
58240,54,23,54,0,0,0,0,50,54366,3,39,48,3,3,0,0,11,38,0,1,1,1
58245,28,0,28,0,0,0,0,55,54420,2,11,24,2,1,4,2,11,33,8.412,0,0,0
58245,28,0,28,0,0,0,0,55,54420,2,11,24,2,1,4,2,11,33,8.412,0,0,0
58247,23,0,23,0,0,0,0,55,54420,2,29,36,2,0,2,1,11,33,7.891,0,0,0
58258,36,4,36,1,0,0,0,35,54424,4,31,36,6,2,0,0,16,48,0,1,1,1
58266,33,5,33,1,0,0,0,65,54409,7,15,24,0,1,0,0,12,21,0,1,1,1
58271,36,4,36,0,1,1,0,77,54383,6,34,36,0,4,0,0,11,10,0,1,0,0
58286,31,3,31,0,0,0,0,67,54429,5,40,48,0,0,3,2,12,19,10.286,0,0,0
58302,41,11,41,1,0,0,0,57,54392,6,7,12,1,1,5,3,9,32,9.416,0,0,0
58308,39,7,39,0,0,0,0,55,54419,7,12,24,2,2,2,22,9,34,28.785,0,0,0
58315,29,0,29,0,0,0,0,55,54381,6,40,48,2,1,4,2,8,35,10.218,0,0,0
58315,29,0,29,0,0,0,0,55,54381,6,40,48,2,1,4,2,8,35,10.218,0,0,0
58317,37,7,37,1,0,0,0,55,54450,2,-5,0,2,0,0,0,10,34,0,1,1,1
58322,45,17,45,0,0,0,0,54,54404,5,16,24,2,3,4,2,17,28,9.041,0,0,0
58323,42,14,42,1,0,0,0,61,54391,4,34,36,1,2,0,0,14,23,0,1,1,1
58332,45,17,45,1,0,0,0,48,54448,6,29,36,3,0,2,1,9,41,8.066,0,0,0
58335,55,27,55,0,0,0,0,49,54374,5,18,24,3,0,3,2,13,36,10.32,0,0,0
58335,55,27,55,0,0,0,0,49,54374,5,18,24,3,0,3,2,13,36,10.32,0,0,0
58339,48,21,48,0,0,0,0,63,54448,1,39,48,1,1,2,1,11,24,12.419,0,0,0
58352,53,24,53,1,0,0,0,53,54377,4,30,36,2,0,0,0,9,37,0,1,1,1
58355,46,19,46,0,0,0,0,41,54373,3,9,12,4,0,0,0,11,46,0,1,1,1
58367,40,6,40,0,0,0,0,54,54406,7,26,36,2,0,4,2,9,35,12.56,0,0,0
58377,52,20,52,1,0,0,0,36,54381,1,39,48,5,2,0,0,13,49,0,1,1,1
58380,36,7,36,1,0,0,0,57,54363,7,41,48,2,1,0,0,11,31,0,1,1,1
58381,38,12,38,0,0,0,0,57,54363,7,11,24,2,0,0,0,11,31,0,1,1,1
58382,69,34,69,0,0,0,0,57,54363,6,-1,0,2,3,1,0,11,31,0,1,1,1
58385,39,14,39,1,0,0,0,55,54375,7,19,24,2,0,0,0,8,36,0,1,1,1
58387,43,13,43,1,0,0,0,48,54395,2,31,36,3,1,0,0,15,35,0,1,1,1
58389,21,0,21,0,0,0,0,51,54428,3,40,48,2,0,3,1,7,40,12.882,0,0,0
58389,21,0,21,0,0,0,0,51,54428,3,40,48,2,0,3,1,7,40,12.882,0,0,0
58395,29,2,29,0,0,0,0,57,54419,6,20,24,2,1,0,0,8,33,0,1,1,1
58429,34,2,34,1,0,0,0,66,54399,3,41,48,0,0,0,0,11,22,0,1,1,1
58429,34,2,34,1,0,0,0,66,54399,3,41,48,0,0,0,0,11,22,0,1,1,1
58439,37,5,37,0,0,0,0,38,54414,3,40,48,5,0,0,26,14,46,33.156,0,0,0
58439,37,5,37,0,0,0,0,38,54414,3,40,48,5,0,0,26,14,46,33.156,0,0,0
58440,41,13,41,0,0,0,0,38,54414,3,11,12,5,1,0,0,14,46,0,1,1,1
58453,49,19,49,0,0,0,0,58,54389,1,25,36,2,0,0,0,12,29,0,1,1,1
58456,36,6,36,1,0,0,0,57,54449,3,27,36,2,0,0,0,12,30,0,1,1,1
58456,36,6,36,1,0,0,0,57,54449,3,27,36,2,0,0,0,12,30,0,1,1,1
58458,25,0,25,1,0,0,0,46,54407,5,29,36,4,0,4,2,15,37,9.93,0,0,0
58470,28,0,28,1,0,0,0,52,54404,3,41,48,3,1,2,19,15,32,25.35,0,0,0
58470,28,0,28,1,0,0,0,52,54404,3,41,48,3,1,2,19,15,32,25.35,0,0,0
58472,54,23,54,1,0,0,0,70,54448,6,9,12,0,3,0,0,10,19,0,1,1,1
58480,43,13,43,1,0,0,0,53,54357,5,17,24,2,1,0,0,7,38,0,1,1,1
58480,43,13,43,1,0,0,0,53,54357,5,17,24,2,1,0,0,7,38,0,1,1,1
58481,34,7,34,0,0,0,0,53,54357,5,25,36,2,0,2,2,7,38,8.435,0,0,0
58485,45,15,45,1,0,0,0,60,54366,2,30,36,1,1,4,4,8,31,11.391,0,0,0
58493,45,15,45,1,0,0,0,57,54397,2,12,24,2,1,2,1,10,32,7.271,0,0,0
58498,35,8,35,1,0,0,0,57,54386,3,-6,0,2,0,0,0,13,28,0,1,1,1
58511,55,31,55,0,0,0,0,52,54406,2,22,24,2,2,3,17,10,36,24.095,0,0,0
58514,65,35,65,1,0,0,0,57,54446,5,9,12,2,1,3,1,9,32,9.827,0,0,0
58533,43,13,43,0,0,0,0,31,54361,3,15,24,6,2,0,0,23,45,0,1,1,1
58534,58,30,58,0,0,0,0,53,54394,1,-4,0,2,2,0,0,11,35,0,1,1,1
58535,69,42,69,1,0,0,0,66,54351,1,10,12,0,1,0,0,8,25,0,1,1,1
58553,54,21,54,1,0,0,0,60,54440,3,13,24,1,1,0,0,13,25,0,1,1,1
58560,24,0,24,0,0,0,0,55,54435,6,5,12,2,4,0,0,16,27,0,1,1,1
58560,24,0,24,0,0,0,0,55,54435,6,5,12,2,4,0,0,16,27,0,1,1,1
58566,30,0,30,0,0,0,0,61,54352,3,11,24,1,0,0,0,8,30,0,1,1,1
58573,51,16,51,0,0,0,0,55,54398,2,30,36,2,0,0,0,10,33,0,1,1,1
58576,51,20,51,0,0,0,0,52,54402,4,8,12,3,0,0,0,20,27,0,1,1,1
58577,43,14,43,0,0,0,0,52,54402,5,10,12,3,1,1,1,20,27,10.5,0,0,0
58582,44,16,44,1,0,0,0,45,54390,2,27,36,4,1,0,0,9,44,0,1,1,1
58589,21,0,21,0,0,0,0,65,54379,2,41,48,0,2,4,3,13,21,13.979,0,0,0
58602,39,9,39,0,0,0,0,61,54431,4,6,12,1,0,0,5,9,29,12.001,0,0,0
58607,19,0,19,1,0,0,0,49,54402,6,32,36,3,1,0,0,8,42,0,1,1,1
58615,42,12,42,1,0,0,0,57,54360,3,35,48,2,1,6,19,11,31,25.739,0,0,0
58616,53,22,53,0,0,0,0,57,54360,2,32,36,2,1,0,0,11,31,0,1,1,1
58616,53,22,53,0,0,0,0,57,54360,2,32,36,2,1,0,0,11,31,0,1,1,1
58623,58,31,58,0,0,0,0,49,54407,2,7,12,3,2,2,1,9,40,8.953,0,0,0
58625,56,27,56,0,0,0,0,61,54373,6,41,48,1,0,0,0,14,24,0,1,1,1
58628,42,15,42,1,0,0,0,54,54366,3,41,48,2,0,0,14,6,38,20.99,0,0,0
58628,42,15,42,1,0,0,0,54,54366,3,41,48,2,0,0,14,6,38,20.99,0,0,0
58630,38,8,38,1,0,0,0,54,54384,4,41,48,2,0,3,1,13,32,7.799,0,0,0
58631,47,17,47,1,0,1,0,34,54437,5,15,24,6,0,3,2,10,54,8.584,0,0,0
58640,33,2,33,1,0,0,0,58,54371,4,15,24,2,1,0,0,12,29,0,1,1,1
58640,33,2,33,1,0,0,0,58,54371,4,15,24,2,1,0,0,12,29,0,1,1,1
58644,44,13,44,1,0,0,0,54,54415,2,24,36,2,1,0,0,10,34,0,1,1,1
58644,44,13,44,1,0,0,0,54,54415,2,24,36,2,1,0,0,10,34,0,1,1,1
58652,37,9,37,1,0,0,0,48,54443,3,22,24,3,1,0,0,12,39,0,1,1,1
58666,40,9,40,1,0,0,0,51,54371,3,11,24,3,2,0,0,3,44,0,1,1,1
58667,36,11,36,0,0,0,0,54,54359,7,-2,0,2,0,2,0,9,36,0,1,1,1
58672,17,0,17,1,0,0,0,72,54449,7,25,36,0,2,2,2,10,17,8.792,0,0,0
58675,18,0,18,0,0,0,0,57,54393,4,24,36,2,0,0,0,11,31,0,1,1,1
58714,41,9,41,0,0,0,0,70,54632,2,-3,0,0,3,0,0,9,20,0,1,1,1
58714,41,9,41,0,0,0,0,70,54632,2,-3,0,0,3,0,0,9,20,0,1,1,1
58715,49,24,49,1,0,0,0,70,54632,1,-5,0,0,0,0,0,9,20,0,1,1,1
58716,48,18,48,0,0,0,0,46,54622,6,6,12,4,0,0,0,16,36,0,1,1,1
58717,44,13,44,0,0,0,0,53,54616,2,28,36,3,1,5,2,9,36,8.777,0,0,0
58717,44,13,44,0,0,0,0,53,54616,2,28,36,3,1,5,2,9,36,8.777,0,0,0
58724,44,18,44,1,0,0,1,50,54650,2,10,12,3,1,1,4,15,33,11.424,0,0,0
58727,28,0,28,1,0,0,0,46,54584,6,24,36,4,0,0,0,21,31,0,1,1,1
58727,28,0,28,1,0,0,0,46,54584,6,24,36,4,0,0,0,21,31,0,1,1,1
58728,25,0,25,1,0,0,0,52,54628,3,35,48,3,1,3,1,9,37,12.16,0,0,0
58728,25,0,25,1,0,0,0,52,54628,3,35,48,3,1,3,1,9,37,12.16,0,0,0
58729,54,23,54,0,0,0,0,52,54628,2,-6,0,3,0,2,0,9,37,0,1,1,1
58729,54,23,54,0,0,0,0,52,54628,2,-6,0,3,0,2,0,9,37,0,1,1,1
58745,40,7,40,1,0,0,0,58,54635,3,28,36,2,1,0,0,12,29,0,1,1,1
58763,32,4,32,0,0,0,0,65,54581,4,22,24,0,0,3,1,9,24,13.032,0,0,0
58771,30,0,30,0,0,0,0,52,54619,5,17,24,3,0,2,1,18,29,7.479,0,0,0
58773,40,12,40,1,0,0,0,52,54559,6,-6,0,3,1,0,0,6,40,0,1,1,1
58806,67,35,67,1,0,0,0,52,54590,1,5,12,3,1,0,0,7,40,0,1,1,1
58808,37,2,37,1,0,0,0,56,54648,5,34,36,2,3,0,0,7,35,0,1,1,1
58824,28,0,28,1,0,0,0,53,54611,3,30,36,3,0,0,0,14,31,0,1,1,1
58829,18,0,18,1,0,0,0,54,54609,2,19,24,2,0,0,14,7,38,20.613,0,0,0
58829,18,0,18,1,0,0,0,54,54609,2,19,24,2,0,0,14,7,38,20.613,0,0,0
58839,66,38,66,0,0,0,0,55,54598,6,22,24,2,1,0,0,16,27,0,1,1,1
58843,54,27,54,1,0,0,0,48,54573,4,32,36,4,1,5,3,19,32,11.6,0,0,0
58854,45,17,45,1,0,0,0,52,54556,6,6,12,3,1,0,0,18,29,0,1,1,1
58858,52,23,52,0,0,0,0,57,54644,6,24,36,2,1,2,1,11,30,8.294,0,0,0
58858,52,23,52,0,0,0,0,57,54644,6,24,36,2,1,2,1,11,30,8.294,0,0,0
58866,19,0,19,1,0,0,0,67,54619,6,24,36,0,1,5,3,9,22,10.373,0,0,0
58903,35,5,35,1,0,0,0,61,54630,7,14,24,1,1,0,0,13,25,0,1,1,1
58903,35,5,35,1,0,0,0,61,54630,7,14,24,1,1,0,0,13,25,0,1,1,1
58907,46,18,46,1,0,0,0,48,54554,2,22,24,3,1,6,29,11,40,36.249,0,0,0
58915,13,0,13,0,0,0,0,63,54593,3,16,24,1,1,0,0,2,34,0,1,1,1
58915,13,0,13,0,0,0,0,63,54593,3,16,24,1,1,0,0,2,34,0,1,1,1
58922,51,19,51,1,0,0,0,51,54644,6,-6,0,3,6,0,0,8,40,0,1,0,0