account length,number vmail messages,total day minutes,total day calls,total day charge,total eve minutes,total eve calls,total eve charge,total night minutes,total night calls,total night charge,total intl minutes,total intl calls,total intl charge,customer service calls,churn
128,25,265.1,110,45.07,197.4,99,16.78,244.7,91,11.01,10,3,2.7,1,0
107,26,161.6,123,27.47,195.5,103,16.62,254.4,103,11.45,13.7,3,3.7,1,0
137,0,243.4,114,41.38,121.2,110,10.3,162.6,104,7.32,12.2,5,3.29,0,0
84,0,299.4,71,50.9,61.9,88,5.26,196.9,89,8.86,6.6,7,1.78,2,0
75,0,166.7,113,28.34,148.3,122,12.61,186.9,121,8.41,10.1,3,2.73,3,0
118,0,223.4,98,37.98,220.6,101,18.75,203.9,118,9.18,6.3,6,1.7,0,0
121,24,218.2,88,37.09,348.5,108,29.62,212.6,118,9.57,7.5,7,2.03,3,0
147,0,157,79,26.69,103.1,94,8.76,211.8,96,9.53,7.1,6,1.92,0,0
117,0,184.5,97,31.37,351.6,80,29.89,215.8,90,9.71,8.7,4,2.35,1,0
141,37,258.6,84,43.96,222,111,18.87,326.4,97,14.69,11.2,5,3.02,0,0
65,0,129.1,137,21.95,228.5,83,19.42,208.8,111,9.4,12.7,6,3.43,4,1
74,0,187.7,127,31.91,163.4,148,13.89,196,94,8.82,9.1,5,2.46,0,0
168,0,128.8,96,21.9,104.9,71,8.92,141.1,128,6.35,11.2,2,3.02,1,0
95,0,156.6,88,26.62,247.6,75,21.05,192.3,115,8.65,12.3,5,3.32,3,0
62,0,120.7,70,20.52,307.2,76,26.11,203,99,9.14,13.1,6,3.54,4,0
161,0,332.9,67,56.59,317.8,97,27.01,160.6,128,7.23,5.4,9,1.46,4,1
85,27,196.4,139,33.39,280.9,90,23.88,89.3,75,4.02,13.8,4,3.73,1,0
93,0,190.7,114,32.42,218.2,111,18.55,129.6,121,5.83,8.1,3,2.19,3,0
76,33,189.7,66,32.25,212.8,65,18.09,165.7,108,7.46,10,5,2.7,1,0
73,0,224.4,90,38.15,159.5,88,13.56,192.8,74,8.68,13,2,3.51,1,0
147,0,155.1,117,26.37,239.7,93,20.37,208.8,133,9.4,10.6,4,2.86,0,0
77,0,62.4,89,10.61,169.9,121,14.44,209.6,64,9.43,5.7,6,1.54,5,1
130,0,183,112,31.11,72.9,99,6.2,181.8,78,8.18,9.5,19,2.57,0,0
111,0,110.4,103,18.77,137.3,102,11.67,189.6,105,8.53,7.7,6,2.08,2,0
132,0,81.1,86,13.79,245.2,72,20.84,237,115,10.67,10.3,2,2.78,0,0
174,0,124.3,76,21.13,277.1,112,23.55,250.7,115,11.28,15.5,5,4.19,3,0
57,39,213,115,36.21,191.1,112,16.24,182.7,115,8.22,9.5,3,2.57,0,0
54,0,134.3,73,22.83,155.5,100,13.22,102.1,68,4.59,14.7,4,3.97,3,0
20,0,190,109,32.3,258.2,84,21.95,181.5,102,8.17,6.3,6,1.7,0,0
49,0,119.3,117,20.28,215.1,109,18.28,178.7,90,8.04,11.1,1,3,1,0
142,0,84.8,95,14.42,136.7,63,11.62,250.5,148,11.27,14.2,6,3.83,2,0
75,0,226.1,105,38.44,201.5,107,17.13,246.2,98,11.08,10.3,5,2.78,1,0
172,0,212,121,36.04,31.2,115,2.65,293.3,78,13.2,12.6,10,3.4,3,0
12,0,249.6,118,42.43,252.4,119,21.45,280.2,90,12.61,11.8,3,3.19,1,1
57,25,176.8,94,30.06,195,75,16.58,213.5,116,9.61,8.3,4,2.24,0,0
72,37,220,80,37.4,217.3,102,18.47,152.8,71,6.88,14.7,6,3.97,3,0
36,30,146.3,128,24.87,162.5,80,13.81,129.3,109,5.82,14.5,6,3.92,0,0
78,0,130.8,64,22.24,223.7,116,19.01,227.8,108,10.25,10,5,2.7,1,0
136,33,203.9,106,34.66,187.6,99,15.95,101.7,107,4.58,10.5,6,2.84,3,0
149,0,140.4,94,23.87,271.8,92,23.1,188.3,108,8.47,11.1,9,3,1,0
98,0,126.3,102,21.47,166.8,85,14.18,187.8,135,8.45,9.4,2,2.54,3,0
135,41,173.1,85,29.43,203.9,107,17.33,122.2,78,5.5,14.6,15,3.94,0,1
34,0,124.8,82,21.22,282.2,98,23.99,311.5,78,14.02,10,4,2.7,2,0
160,0,85.8,77,14.59,165.3,110,14.05,178.5,92,8.03,9.2,4,2.48,3,0
64,0,154,67,26.18,225.8,118,19.19,265.3,86,11.94,3.5,3,0.95,1,0
59,28,120.9,97,20.55,213,92,18.11,163.1,116,7.34,8.5,5,2.3,2,0
65,0,211.3,120,35.92,162.6,122,13.82,134.7,118,6.06,13.2,5,3.56,3,0
142,0,187,133,31.79,134.6,74,11.44,242.2,127,10.9,7.4,5,2,2,0
119,0,159.1,114,27.05,231.3,117,19.66,143.2,91,6.44,8.8,3,2.38,5,1
97,24,133.2,135,22.64,217.2,58,18.46,70.6,79,3.18,11,3,2.97,1,0
52,0,191.9,108,32.62,269.8,96,22.93,236.8,87,10.66,7.8,5,2.11,3,0
60,0,220.6,57,37.5,211.1,115,17.94,249,129,11.21,6.8,3,1.84,1,0
10,0,186.1,112,31.64,190.2,66,16.17,282.8,57,12.73,11.4,6,3.08,2,0
96,0,160.2,117,27.23,267.5,67,22.74,228.5,68,10.28,9.3,5,2.51,2,0
87,0,151,83,25.67,219.7,116,18.67,203.9,127,9.18,9.7,3,2.62,5,1
81,0,175.5,67,29.84,249.3,85,21.19,270.2,98,12.16,10.2,3,2.75,1,0
141,0,126.9,98,21.57,180,62,15.3,140.8,128,6.34,8,2,2.16,1,0
121,30,198.4,129,33.73,75.3,77,6.4,181.2,77,8.15,5.8,3,1.57,3,1
68,0,148.8,70,25.3,246.5,164,20.95,129.8,103,5.84,12.1,3,3.27,3,0
125,0,229.3,103,38.98,177.4,126,15.08,189.3,95,8.52,12,8,3.24,1,0
174,0,192.1,97,32.66,169.9,94,14.44,166.6,54,7.5,11.4,4,3.08,1,0
116,34,268.6,83,45.66,178.2,142,15.15,166.3,106,7.48,11.6,3,3.13,2,0
74,33,193.7,91,32.93,246.1,96,20.92,138,92,6.21,14.6,3,3.94,2,0
149,28,180.7,92,30.72,187.8,64,15.96,265.5,53,11.95,12.6,3,3.4,3,0
38,0,131.2,98,22.3,162.9,97,13.85,159,106,7.15,8.2,6,2.21,2,0
40,41,148.1,74,25.18,169.5,88,14.41,214.1,102,9.63,6.2,5,1.67,2,0
43,0,251.5,105,42.76,212.8,104,18.09,157.8,67,7.1,9.3,4,2.51,0,0
113,0,125.2,93,21.28,206.4,119,17.54,129.3,139,5.82,8.3,8,2.24,0,0
126,0,211.6,70,35.97,216.9,80,18.44,153.5,60,6.91,7.8,1,2.11,1,0
150,0,178.9,101,30.41,169.1,110,14.37,148.6,100,6.69,13.8,3,3.73,4,1
138,0,241.8,93,41.11,170.5,83,14.49,295.3,104,13.29,11.8,7,3.19,3,0
162,46,224.9,97,38.23,188.2,84,16,254.6,61,11.46,12.1,2,3.27,0,0
147,0,248.6,83,42.26,148.9,85,12.66,172.5,109,7.76,8,4,2.16,3,0
90,0,203.4,146,34.58,226.7,117,19.27,152.4,105,6.86,7.3,4,1.97,1,0
85,0,235.8,109,40.09,157.2,94,13.36,188.2,99,8.47,12,3,3.24,0,0
50,0,157.1,90,26.71,223.3,72,18.98,181.4,111,8.16,6.1,2,1.65,1,0
82,0,300.3,109,51.05,181,100,15.39,270.1,73,12.15,11.7,4,3.16,0,1
144,0,61.6,117,10.47,77.1,85,6.55,173,99,7.79,8.2,7,2.21,4,1
46,0,214.1,72,36.4,164.4,104,13.97,177.5,113,7.99,8.2,3,2.21,2,0
70,0,170.2,98,28.93,155.2,102,13.19,228.6,76,10.29,15,2,4.05,1,0
144,0,201.1,99,34.19,303.5,74,25.8,224,119,10.08,13.2,2,3.56,1,0
116,0,215.4,104,36.62,204.8,79,17.41,278.5,109,12.53,12.6,5,3.4,3,0
55,25,165.6,123,28.15,136.1,95,11.57,175.7,90,7.91,11,2,2.97,3,0
70,24,249.5,101,42.42,259.7,98,22.07,222.7,68,10.02,9.8,4,2.65,1,0
106,0,210.6,96,35.8,249.2,85,21.18,191.4,88,8.61,12.4,1,3.35,2,1
128,29,179.3,104,30.48,225.9,86,19.2,323,78,14.54,8.6,7,2.32,0,0
94,0,157.9,105,26.84,155,101,13.18,189.6,84,8.53,8,5,2.16,4,1
111,0,214.3,118,36.43,208.5,76,17.72,182.4,98,8.21,12,2,3.24,1,0
74,35,154.1,104,26.2,123.4,84,10.49,202.1,57,9.09,10.9,9,2.94,2,0
128,0,237.9,125,40.44,247.6,93,21.05,208.9,68,9.4,13.9,4,3.75,1,1
82,0,143.9,61,24.46,194.9,105,16.57,109.6,94,4.93,11.1,2,3,1,0
155,0,203.4,100,34.58,190.9,104,16.23,196,119,8.82,8.9,4,2.4,0,1
80,0,124.3,100,21.13,173,107,14.71,253.2,62,11.39,7.9,9,2.13,1,0
78,0,252.9,93,42.99,178.4,112,15.16,263.9,105,11.88,9.5,7,2.57,3,0
90,0,179.1,71,30.45,190.6,81,16.2,127.7,91,5.75,10.6,7,2.86,3,0
104,0,278.4,106,47.33,81,113,6.89,163.2,137,7.34,9.8,5,2.65,1,0
73,0,160.1,110,27.22,213.3,72,18.13,174.1,72,7.83,13,4,3.51,0,0
99,0,198.2,87,33.69,207.3,76,17.62,190.9,113,8.59,8.7,3,2.35,4,0
120,0,212.1,131,36.06,209.4,104,17.8,167.2,96,7.52,5.3,5,1.43,1,1
77,0,251.8,72,42.81,205.7,126,17.48,275.2,109,12.38,9.8,7,2.65,2,1
98,21,161.2,114,27.4,252.2,83,21.44,160.2,92,7.21,4.4,8,1.19,4,0
108,0,178.3,137,30.31,189,76,16.07,129.1,102,5.81,14.6,5,3.94,0,0
135,0,151.7,82,25.79,119,105,10.12,180,100,8.1,10.5,6,2.84,0,0
95,0,135,99,22.95,183.6,106,15.61,245.3,102,11.04,12.5,9,3.38,1,0
122,0,170.5,94,28.99,173.7,109,14.76,248.6,75,11.19,11.3,2,3.05,1,0
95,0,238.1,65,40.48,187.2,98,15.91,190,115,8.55,11.8,4,3.19,4,0
36,29,281.4,102,47.84,202.2,76,17.19,187.2,113,8.42,9,6,2.43,2,0
93,21,117.9,131,20.04,164.5,115,13.98,217,86,9.76,9.8,3,2.65,1,0
141,32,148.6,91,25.26,131.1,97,11.14,219.4,142,9.87,10.1,1,2.73,1,0
157,0,229.8,90,39.07,147.9,121,12.57,241.4,108,10.86,9.6,7,2.59,3,0
120,0,165,100,28.05,317.2,83,26.96,119.2,86,5.36,8.3,8,2.24,1,0
103,0,185,117,31.45,223.3,94,18.98,222.8,91,10.03,12.6,2,3.4,2,0
98,0,161,117,27.37,190.9,113,16.23,227.7,113,10.25,12.1,4,3.27,4,0
125,0,126.7,108,21.54,206,90,17.51,247.8,114,11.15,13.3,7,3.59,1,0
63,0,58.9,125,10.01,169.6,59,14.42,211.4,88,9.51,9.4,3,2.54,1,0
36,42,196.8,89,33.46,254.9,122,21.67,138.3,126,6.22,20,6,5.4,0,1
64,0,162.6,83,27.64,152.3,109,12.95,57.5,122,2.59,14.2,3,3.83,1,0
74,0,282.5,114,48.03,219.9,48,18.69,170,115,7.65,9.4,4,2.54,1,1
112,36,113.7,117,19.33,157.5,82,13.39,177.6,118,7.99,10,3,2.7,2,0
97,0,239.8,125,40.77,214.8,111,18.26,143.3,81,6.45,8.7,5,2.35,2,0
46,0,210.2,92,35.73,227.3,77,19.32,200.1,116,9,13.1,7,3.54,1,0
41,22,213.8,102,36.35,141.8,86,12.05,142.2,123,6.4,7.2,3,1.94,0,0
121,0,190.7,103,32.42,183.5,117,15.6,220.8,103,9.94,9.8,4,2.65,3,0
193,0,170.9,124,29.05,132.3,95,11.25,112.9,89,5.08,11.6,3,3.13,1,0
130,0,154.2,119,26.21,110.2,98,9.37,227.4,117,10.23,9.2,5,2.48,2,0
85,0,201.4,52,34.24,229.4,104,19.5,252.5,106,11.36,12,3,3.24,1,0
162,0,70.7,108,12.02,157.5,87,13.39,154.8,82,6.97,9.1,3,2.46,4,1
61,27,187.5,124,31.88,146.6,103,12.46,225.7,129,10.16,6.4,6,1.73,4,1
92,0,91.7,90,15.59,193.7,123,16.46,175,86,7.88,9.2,4,2.48,2,0
131,36,214.2,115,36.41,161.7,117,13.74,264.7,102,11.91,9.5,4,2.57,3,0
90,0,145.5,92,24.74,217.7,114,18.5,146.9,123,6.61,10.9,2,2.94,3,0
75,0,166.3,125,28.27,158.2,86,13.45,256.7,80,11.55,6.1,5,1.65,1,0
78,0,231,115,39.27,230.4,140,19.58,261.4,120,11.76,9.5,3,2.57,1,0
82,0,200.3,96,34.05,201.2,102,17.1,206.1,60,9.27,7.1,1,1.92,4,0
163,0,197,109,33.49,202.6,128,17.22,206.4,80,9.29,9.1,10,2.46,1,0
91,0,129.9,112,22.08,173.3,83,14.73,247.2,130,11.12,11.2,3,3.02,3,0
75,21,175.8,97,29.89,217.5,106,18.49,237.5,134,10.69,5.3,4,1.43,5,0
91,0,203.1,106,34.53,210.1,113,17.86,195.6,129,8.8,12,3,3.24,3,0
127,36,183.2,117,31.14,126.8,76,10.78,263.3,71,11.85,11.2,8,3.02,1,0
113,23,205,101,34.85,152,60,12.92,158.6,59,7.14,10.2,5,2.75,2,0
110,0,148.5,115,25.25,276.4,84,23.49,193.6,112,8.71,12.4,3,3.35,1,0
120,39,200.3,68,34.05,220.4,97,18.73,253.8,116,11.42,10.5,4,2.84,0,0
157,28,192.6,107,32.74,195.5,74,16.62,109.7,139,4.94,6.8,5,1.84,3,0
103,0,246.5,47,41.91,195.5,84,16.62,200.5,96,9.02,11.7,4,3.16,1,0
117,0,167.1,86,28.41,177.5,87,15.09,249.4,132,11.22,14.1,7,3.81,2,1
140,0,231.9,101,39.42,160.1,94,13.61,110.4,98,4.97,14.3,6,3.86,3,0
127,0,146.7,91,24.94,203.5,78,17.3,203.4,110,9.15,13.7,3,3.7,1,0
83,0,271.5,87,46.16,216.3,126,18.39,121.1,105,5.45,11.7,4,3.16,1,0
121,0,181.5,121,30.86,218.4,98,18.56,161.6,103,7.27,8.5,5,2.3,1,0
145,43,257.7,97,43.81,162.1,95,13.78,286.9,86,12.91,11.1,4,3,2,0
113,0,193.8,99,32.95,221.4,125,18.82,172.3,67,7.75,10.6,6,2.86,1,0
117,0,102.8,119,17.48,206.7,91,17.57,299,105,13.46,10.1,7,2.73,1,0
65,0,187.9,116,31.94,157.6,117,13.4,227.3,86,10.23,7.5,6,2.03,1,0
56,0,226,112,38.42,248.5,118,21.12,140.5,142,6.32,6.9,11,1.86,1,0
96,0,260.4,115,44.27,146,46,12.41,269.5,87,12.13,11.5,4,3.11,5,0
151,0,178.7,116,30.38,292.1,138,24.83,265.9,101,11.97,9.8,4,2.65,0,0
83,0,337.4,120,57.36,227.4,116,19.33,153.9,114,6.93,15.8,7,4.27,0,1
139,23,157.6,129,26.79,247,96,21,259.2,112,11.66,13.7,2,3.7,0,0
6,0,183.6,117,31.21,256.7,72,21.82,178.6,79,8.04,10.2,2,2.75,1,0
115,24,142.1,124,24.16,183.4,129,15.59,164.8,114,7.42,9.6,4,2.59,1,0
87,0,136.3,97,23.17,172.2,108,14.64,137.5,101,6.19,7.1,5,1.92,0,0
141,0,217.1,110,36.91,241.5,111,20.53,253.5,103,11.41,12,6,3.24,0,0
141,36,187.5,99,31.88,241.4,116,20.52,229.5,105,10.33,10.5,5,2.84,3,0
62,0,98.9,103,16.81,135.4,122,11.51,236.6,82,10.65,12.2,1,3.29,1,0
146,0,206.3,151,35.07,148.6,89,12.63,167.2,91,7.52,6.1,3,1.65,1,0
92,33,243.1,92,41.33,213.8,92,18.17,228.7,104,10.29,12.1,2,3.27,2,0
185,31,189.8,126,32.27,163.3,133,13.88,264.8,126,11.92,7.5,3,2.03,1,0
148,0,202,102,34.34,243.2,128,20.67,261.3,90,11.76,10.9,3,2.94,1,0
94,38,170.1,124,28.92,193.3,116,16.43,105.9,73,4.77,12.8,4,3.46,1,0
32,0,230.9,87,39.25,187.4,90,15.93,154,53,6.93,6.3,2,1.7,0,0
68,0,237.1,105,40.31,223.5,105,19,97.4,79,4.38,13.2,2,3.56,1,0
64,27,182.1,91,30.96,169.7,98,14.42,164.7,86,7.41,10.6,5,2.86,2,0
25,0,119.3,87,20.28,211.5,101,17.98,268.9,86,12.1,10.5,4,2.84,3,0
65,0,116.8,87,19.86,178.9,93,15.21,182.4,150,8.21,14.1,2,3.81,1,0
179,0,219.2,92,37.26,149.4,125,12.7,244.7,104,11.01,6.1,5,1.65,0,0
94,0,252.6,104,42.94,169,125,14.37,170.9,106,7.69,11.1,7,3,2,0
62,0,147.1,91,25.01,190.4,107,16.18,195.2,115,8.78,12.2,3,3.29,0,0
127,0,202.1,103,34.36,229.4,86,19.5,195.2,113,8.78,11.5,3,3.11,2,0
116,0,173.5,93,29.5,194.1,76,16.5,208,112,9.36,16.2,10,4.37,3,0
70,0,232.1,122,39.46,292.3,112,24.85,201.2,112,9.05,0,0,0,3,0
94,23,197.1,125,33.51,214.5,136,18.23,282.2,103,12.7,9.5,5,2.57,4,0
126,0,58.2,94,9.89,138.7,118,11.79,136.8,91,6.16,11.9,1,3.21,5,1
67,36,115.6,111,19.65,237.7,94,20.2,169.9,103,7.65,9.9,12,2.67,2,0
19,0,186.1,98,31.64,254.3,57,21.62,214,127,9.63,14.6,7,3.94,2,0
170,0,259.9,68,44.18,245,122,20.83,134.4,121,6.05,8.4,3,2.27,3,0
73,0,214.3,145,36.43,268.5,135,22.82,241.2,92,10.85,10.8,13,2.92,1,0
106,0,158.7,74,26.98,64.3,139,5.47,198.5,103,8.93,10.2,4,2.75,1,0
93,0,271.6,71,46.17,229.4,108,19.5,77.3,121,3.48,10.9,3,2.94,2,0
164,0,160.6,111,27.3,163.2,126,13.87,187.1,112,8.42,9,3,2.43,1,0
51,0,232.4,109,39.51,187.4,95,15.93,231.2,107,10.4,9.1,3,2.46,1,0
107,0,133.8,85,22.75,180.5,94,15.34,112.2,115,5.05,8.9,4,2.4,0,0
130,0,176.9,109,30.07,90.7,104,7.71,238,69,10.71,9.5,2,2.57,1,0
80,0,209.9,74,35.68,195.1,77,16.58,208.2,119,9.37,8.8,4,2.38,2,0
94,0,137.5,118,23.38,203.2,88,17.27,150,131,6.75,13.4,2,3.62,0,0
118,23,289.5,52,49.22,166.6,111,14.16,119.1,88,5.36,9.5,4,2.57,1,0
117,23,198.1,86,33.68,177,86,15.05,180.5,92,8.12,6.8,6,1.84,1,0
78,0,149.7,119,25.45,182.2,115,15.49,261.5,126,11.77,9.7,8,2.62,0,0
208,0,326.5,67,55.51,176.3,113,14.99,181.7,102,8.18,10.7,6,2.89,2,1
131,26,292.9,101,49.79,199.7,97,16.97,255.3,127,11.49,13.8,7,3.73,4,1
63,0,83,64,14.11,177,106,15.05,245.7,89,11.06,13,3,3.51,0,0
53,24,145.7,146,24.77,220.5,136,18.74,249.9,96,11.25,13.1,5,3.54,3,0
62,0,182.3,101,30.99,328.2,93,27.9,245,131,11.03,11.2,1,3.02,2,0
97,0,218,86,37.06,184,94,15.64,240.5,110,10.82,6.4,8,1.73,3,0
105,0,140.6,109,23.9,178.6,51,15.18,217,83,9.76,6.8,3,1.84,2,0
157,0,152.7,105,25.96,257.5,80,21.89,198.1,93,8.91,9.4,4,2.54,1,0
66,36,106.7,76,18.14,209.8,77,17.83,190.4,117,8.57,12.1,2,3.27,1,0
122,0,243.8,98,41.45,83.9,72,7.13,179.8,84,8.09,13.7,8,3.7,2,0
38,0,194.4,94,33.05,186.7,95,15.87,223.3,90,10.05,10.8,5,2.92,3,0
106,0,213.9,95,36.36,151.9,70,12.91,260.1,124,11.7,12.2,5,3.29,3,0
99,0,217.2,112,36.92,246.7,89,20.97,226.1,89,10.17,15.8,7,4.27,3,0
99,0,241.1,72,40.99,155.6,98,13.23,188.2,109,8.47,11.6,10,3.13,1,0
144,0,203.5,100,34.6,247.6,103,21.05,194.3,94,8.74,11.9,11,3.21,0,0
82,24,155.2,131,26.38,244.5,106,20.78,122.4,68,5.51,10.7,3,2.89,1,0
86,31,167.6,139,28.49,113,118,9.61,246.9,121,11.11,12.2,6,3.29,1,0
70,0,226.7,98,38.54,228.1,115,19.39,73.2,93,3.29,17.6,4,4.75,2,1
93,0,179.3,93,30.48,178.6,98,15.18,225.2,131,10.13,11.5,6,3.11,3,0
93,0,151.4,89,25.74,186.4,76,15.84,172.5,120,7.76,10.9,3,2.94,0,0
120,0,180,80,30.6,224.2,82,19.06,265.4,91,11.94,4.7,7,1.27,3,0
136,0,250.2,121,42.53,267.1,118,22.7,151,114,6.8,13,2,3.51,1,1
106,0,223,121,37.91,110.1,98,9.36,188.7,107,8.49,7.1,12,1.92,0,0
81,0,183.6,116,31.21,152.6,98,12.97,212.2,99,9.55,12.2,6,3.29,3,0
127,22,166,114,28.22,174.5,103,14.83,244.9,68,11.02,10.2,6,2.75,1,0
65,0,136.1,112,23.14,272.9,96,23.2,220.2,104,9.91,4.4,2,1.19,1,0
35,0,149.3,113,25.38,242.2,122,20.59,174.3,104,7.84,8.9,6,2.4,2,0
88,0,65.4,97,11.12,168.2,76,14.3,236,113,10.62,13.8,1,3.73,2,0
65,0,213.4,111,36.28,234.5,94,19.93,250.1,123,11.25,2.7,4,0.73,1,0
123,0,206.9,85,35.17,244.7,78,20.8,221.5,136,9.97,7.7,2,2.08,3,0
126,27,186.2,78,31.65,189.6,83,16.12,76.5,139,3.44,9.6,3,2.59,2,0
104,23,280.2,136,47.63,220.5,92,18.74,136.9,102,6.16,13.3,3,3.59,4,0
45,22,196.6,84,33.42,313.2,92,26.62,163.3,108,7.35,11.9,3,3.21,0,0
93,0,312,109,53.04,129.4,100,11,217.6,74,9.79,10.5,2,2.84,0,1
63,36,199,110,33.83,291.3,111,24.76,197.6,92,8.89,11,6,2.97,1,0
100,0,203.1,96,34.53,217,126,18.45,180.9,122,8.14,13.5,2,3.65,3,0
53,0,168.8,97,28.7,220.3,87,18.73,154.3,113,6.94,10.9,2,2.94,0,0
92,0,173.1,140,29.43,240.3,105,20.43,233.2,117,10.49,9,5,2.43,1,0
139,0,134.4,106,22.85,211.3,98,17.96,193.6,125,8.71,10.2,2,2.75,5,1
110,40,202.6,103,34.44,118.8,128,10.1,234.9,98,10.57,9,9,2.43,2,0
110,0,74.5,117,12.67,200.8,98,17.07,192.2,101,8.65,9.8,7,2.65,3,0
215,0,83.6,148,14.21,120.9,91,10.28,226.6,110,10.2,10.7,9,2.89,0,0
73,0,192.2,86,32.67,168.6,116,14.33,139.8,87,6.29,9.4,6,2.54,1,0
138,0,220.2,89,37.43,88.3,125,7.51,195.3,79,8.79,12.9,5,3.48,0,0
137,0,135.1,95,22.97,134.1,102,11.4,223.1,81,10.04,12.3,2,3.32,2,1
36,0,253.4,77,43.08,182.4,151,15.5,275.8,103,12.41,8.4,2,2.27,1,0
85,0,225,81,38.25,176.9,63,15.04,194.3,110,8.74,7.1,2,1.92,3,0
108,0,198.5,99,33.75,267.8,60,22.76,354.9,75,15.97,9.4,3,2.54,0,1
22,0,110.3,107,18.75,166.5,93,14.15,202.3,96,9.1,9.5,5,2.57,0,0
107,37,60,102,10.2,102.2,80,8.69,261.8,106,11.78,11.1,3,3,0,0
51,0,214.8,94,36.52,149.7,58,12.72,283.4,66,12.75,10.2,5,2.75,0,0
94,0,181.8,85,30.91,202.4,98,17.2,245.9,97,11.07,9.2,2,2.48,4,0
119,23,154,114,26.18,278,137,23.63,228.4,112,10.28,11.8,4,3.19,2,0
33,29,157.4,99,26.76,117.9,80,10.02,279.2,79,12.56,13.9,11,3.75,4,1
106,0,207.9,91,35.34,172,109,14.62,191.8,143,8.63,14.4,7,3.89,4,0
82,0,207,90,35.19,232.9,83,19.8,172.4,108,7.76,9.1,8,2.46,3,0
86,41,119,101,20.23,230,134,19.55,236.9,58,10.66,9.5,3,2.57,0,0
97,0,143.7,117,24.43,273,82,23.21,178.3,81,8.02,10.9,3,2.94,0,0
106,32,165.9,126,28.2,216.5,93,18.4,173.1,86,7.79,14.1,8,3.81,4,0
108,0,138.6,122,23.56,172.3,117,14.65,231.6,92,10.42,9.8,3,2.65,1,0
114,0,84.7,118,14.4,249.9,86,21.24,193.4,95,8.7,14.5,8,3.92,1,0
92,0,62.6,111,10.64,180.6,126,15.35,221.7,80,9.98,10.4,2,2.81,1,1
59,0,155.2,79,26.38,235.3,123,20,169.4,80,7.62,8.7,4,2.35,1,0
24,25,164.9,110,28.03,209.3,105,17.79,231.2,55,10.4,6.7,9,1.81,1,0
151,0,134.5,88,22.87,143.1,112,12.16,223.9,61,10.08,15.4,1,4.16,1,0
117,0,143.3,103,24.36,211.3,108,17.96,185.2,96,8.33,11.5,3,3.11,1,0
78,0,168.3,110,28.61,221.2,73,18.8,241,136,10.85,12.5,1,3.38,1,0
155,0,262.4,55,44.61,194.6,113,16.54,146.5,85,6.59,8.3,6,2.24,2,0
114,30,206.2,79,35.05,260,91,22.1,291.6,83,13.12,11.4,6,3.08,1,0
114,28,225.8,94,38.39,193,117,16.41,232.4,100,10.46,8.4,9,2.27,4,0
119,0,138.3,89,23.51,170.5,78,14.49,263.9,98,11.88,13.5,6,3.65,3,0
64,48,94.4,104,16.05,136.2,101,11.58,147.4,89,6.63,4.5,4,1.22,0,0
118,0,160,123,27.2,175.4,96,14.91,184.8,99,8.32,9.9,3,2.67,2,0
101,0,206.6,105,35.12,224.9,117,19.12,249.9,100,11.25,14.6,3,3.94,0,0
117,0,134.7,121,22.9,180,83,15.3,200.9,104,9.04,7.7,3,2.08,1,0
49,28,214.4,78,36.45,235.2,100,19.99,206.2,107,9.28,8,13,2.16,3,0
139,0,192.8,104,32.78,234.4,96,19.92,203.2,101,9.14,13,3,3.51,3,0
92,28,151.1,90,25.69,194.8,79,16.56,239.2,114,10.76,10,3,2.7,1,0
83,0,221.4,103,37.64,231.8,103,19.7,122.5,100,5.51,9.8,5,2.65,3,0
148,0,218.9,88,37.21,208,85,17.68,203.3,99,9.15,11.1,4,3,0,0
144,48,189.8,96,32.27,123.4,67,10.49,214.2,106,9.64,6.5,2,1.76,2,1
131,25,192.7,85,32.76,225.9,105,19.2,254.2,59,11.44,10.9,6,2.94,2,0
146,0,204.4,135,34.75,219.1,90,18.62,222.7,114,10.02,10.5,6,2.84,3,0
143,0,172.3,97,29.29,174,108,14.79,188.2,119,8.47,13,4,3.51,2,0
81,0,198.4,93,33.73,210.9,108,17.93,193.3,71,8.7,10.4,6,2.81,2,0
48,37,211.7,115,35.99,159.9,84,13.59,144.1,80,6.48,12.2,1,3.29,1,0
86,28,221.6,74,37.67,288.4,100,24.51,240.3,105,10.81,9,2,2.43,1,0
71,0,197.9,108,33.64,181.5,109,15.43,281.4,56,12.66,6.7,5,1.81,3,0
145,24,147.5,90,25.08,175.7,108,14.93,252.1,102,11.34,15.6,3,4.21,2,0
137,0,206.4,122,35.09,128,102,10.88,194.5,84,8.75,8.8,5,2.38,2,0
137,0,205.9,88,35,209.3,86,17.79,289.9,84,13.05,14.5,4,3.92,2,0
167,0,207.6,88,35.29,132.4,63,11.25,255.2,98,11.48,14.1,5,3.81,0,0
89,0,303.9,95,51.66,260.9,114,22.18,312.1,89,14.04,5.3,3,1.43,1,1
199,34,230.6,121,39.2,219.4,99,18.65,299.3,94,13.47,8,2,2.16,0,0
132,0,99.5,110,16.92,129.1,80,10.97,125.1,124,5.63,9.7,3,2.62,0,0
94,0,177.1,112,30.11,194,112,16.49,146.7,108,6.6,5.9,4,1.59,1,0
96,37,172.7,93,29.36,120.1,116,10.21,216.1,86,9.72,10.3,5,2.78,5,1
96,18,172.7,86,29.36,133.4,113,11.34,259.5,70,11.68,9.8,3,2.65,1,0
166,0,204.2,115,34.71,179.9,152,15.29,216.8,109,9.76,9.5,5,2.57,1,0
74,0,85.7,83,14.57,247.7,67,21.05,142.4,85,6.41,10.1,5,2.73,2,0
36,0,157.6,117,26.79,184.3,58,15.67,240.4,99,10.82,11.9,1,3.21,0,0
113,0,215.5,129,36.64,218.7,117,18.59,207.1,91,9.32,6.6,9,1.78,4,0
94,0,181.5,98,30.86,199.9,88,16.99,287.7,114,12.95,6.6,5,1.78,1,0
67,0,171.7,80,29.19,110.4,81,9.38,195.4,111,8.79,11.9,4,3.21,2,0
127,0,266.6,106,45.32,264.8,168,22.51,207.2,119,9.32,5.9,2,1.59,1,1
121,0,170.4,108,28.97,350.5,68,29.79,297,87,13.37,11.2,3,3.02,0,1
158,0,158,106,26.86,292.5,114,24.86,241.1,89,10.85,9.1,4,2.46,1,0
136,0,92,117,15.64,253.6,77,21.56,214.1,90,9.63,10.3,10,2.78,1,0
196,0,234,109,39.78,249.5,114,21.21,173.1,70,7.79,9.1,5,2.46,2,0
113,0,272.1,111,46.26,268.5,118,22.82,213.8,105,9.62,8.5,10,2.3,1,1
122,0,296.4,99,50.39,214.8,89,18.26,133.9,107,6.03,11.4,3,3.08,4,1
112,0,194.4,101,33.05,190.3,82,16.18,183.4,107,8.25,11.4,2,3.08,0,0
209,0,227.2,128,38.62,258.4,92,21.96,183.5,74,8.26,8.9,4,2.4,3,0
62,0,248.7,109,42.28,220,118,18.7,265.7,78,11.96,13.2,2,3.56,1,1
110,38,236.3,102,40.17,195.9,112,16.65,183.5,82,8.26,9.7,6,2.62,1,0
16,0,205.6,69,34.95,169.5,93,14.41,220.1,64,9.9,10.9,3,2.94,0,0
73,0,94.1,136,16,280.3,122,23.83,205,77,9.23,9.8,4,2.65,0,0
128,0,125.2,99,21.28,205.4,107,17.46,254.4,111,11.45,18.9,2,5.1,0,0
39,0,60.4,158,10.27,306.2,120,26.03,123.9,46,5.58,12.4,3,3.35,1,0
103,28,121,105,20.57,270.4,100,22.98,160.5,76,7.22,7.7,4,2.08,2,0
119,29,117.8,66,20.03,256.8,114,21.83,147.6,76,6.64,7.6,3,2.05,3,0
173,21,232.4,96,39.51,211.9,118,18.01,273,102,12.29,5,5,1.35,3,0
128,32,223.5,81,38,188.8,74,16.05,154.9,101,6.97,9.4,2,2.54,2,1
86,0,176.3,79,29.97,259.2,97,22.03,287.4,78,12.93,6.2,3,1.67,0,0
114,32,125.2,79,21.28,177.8,105,15.11,232.4,89,10.46,12.9,3,3.48,1,0
104,0,138.7,107,23.58,256.9,113,21.84,234.9,74,10.57,10,3,2.7,0,0
148,0,86.3,134,14.67,246.6,92,20.96,251.6,91,11.32,11.3,4,3.05,1,0
129,0,207,91,35.19,154.9,121,13.17,245.1,112,11.03,13.4,5,3.62,3,0
100,30,58.8,104,10,219.5,107,18.66,152.3,118,6.85,7.1,3,1.92,0,0
121,35,68.7,95,11.68,209.2,69,17.78,197.4,42,8.88,11.4,4,3.08,1,0
143,33,239.2,109,40.66,235.5,112,20.02,156.3,95,7.03,9.5,4,2.57,1,0
76,0,198.3,130,33.71,217.1,86,18.45,188.4,96,8.48,12.5,3,3.38,0,0
158,0,205.2,97,34.88,240.6,77,20.45,79.7,108,3.59,14.4,12,3.89,0,0
116,0,192.1,98,32.66,312.9,135,26.6,130.2,94,5.86,7.9,2,2.13,3,0
54,0,272.6,83,46.34,248.7,74,21.14,197.4,111,8.88,9.5,2,2.57,1,1
86,0,128.3,121,21.81,197.1,93,16.75,138.4,152,6.23,12.2,5,3.29,7,1
108,0,169.6,99,28.83,264.1,87,22.45,206.3,78,9.28,9.3,4,2.51,0,0
66,0,201.3,95,34.22,152.8,66,12.99,233.2,101,10.49,7.5,4,2.03,1,0
151,17,214.7,97,36.5,138.5,90,11.77,169.1,44,7.61,8.6,4,2.32,1,0
99,0,169.2,70,28.76,271.5,77,23.08,170.2,104,7.66,10.6,2,2.86,0,0
55,0,194.1,121,33,176.6,110,15.01,302.8,136,13.63,7,7,1.89,2,0
77,0,233.8,104,39.75,266.5,94,22.65,212.7,104,9.57,7.6,3,2.05,2,0
78,0,225.1,67,38.27,199.2,127,16.93,175.5,102,7.9,14.6,2,3.94,0,0
89,0,213,63,36.21,176.6,71,15.01,262.6,126,11.82,9.1,1,2.46,1,1
101,0,183.9,115,31.26,255.9,101,21.75,275,145,12.38,10.8,11,2.92,1,0
44,34,221.8,105,37.71,161.7,85,13.74,227.7,62,10.25,14,7,3.78,0,0
98,21,64.6,98,10.98,176.1,86,14.97,244.8,84,11.02,0,0,0,2,0
64,37,154.6,92,26.28,83.4,103,7.09,165.9,99,7.47,13.3,3,3.59,1,0
141,0,260.2,131,44.23,179.2,120,15.23,135,119,6.08,7.2,8,1.94,3,0
81,33,161.6,117,27.47,123,90,10.46,261.3,101,11.76,12.2,5,3.29,1,0
162,0,220.6,117,37.5,155.2,121,13.19,186.7,89,8.4,10.5,11,2.84,1,0
83,41,155.9,122,26.5,162.3,107,13.8,127.6,105,5.74,13.1,5,3.54,3,0
100,0,107,63,18.19,105.7,67,8.98,243.1,74,10.94,12.8,3,3.46,4,1
59,0,182.5,104,31.03,204.7,95,17.4,229.9,100,10.35,11.3,8,3.05,4,0
179,38,220.1,78,37.42,234.3,71,19.92,237.3,85,10.68,10.1,4,2.73,4,0
79,0,152.2,112,25.87,177.2,132,15.06,96.4,87,4.34,5.3,3,1.43,1,0
117,0,181.5,95,30.86,205.1,88,17.43,204,82,9.18,14.7,9,3.97,2,0
64,0,236.2,77,40.15,218.6,85,18.58,194.1,97,8.73,13.2,2,3.56,2,1
31,0,166.1,105,28.24,79.3,93,6.74,213.7,98,9.62,12.7,2,3.43,1,0
124,0,244.6,89,41.58,188.8,80,16.05,206,114,9.27,11.3,4,3.05,1,0
122,23,134.2,85,22.81,227.3,132,19.32,122.4,96,5.51,8.5,2,2.3,2,0
37,39,149.7,122,25.45,211.1,75,17.94,114.3,90,5.14,9.2,4,2.48,1,0
90,29,150.1,109,25.52,264.7,103,22.5,178.4,97,8.03,5.8,4,1.57,1,0
159,0,257.1,53,43.71,312.2,127,26.54,183,82,8.24,8.8,6,2.38,1,1
148,0,124.4,83,21.15,179.7,81,15.27,253,99,11.39,11.3,6,3.05,0,0
39,36,141.7,121,24.09,232.3,113,19.75,222.1,131,9.99,12,5,3.24,1,0
77,0,230,87,39.1,103.2,138,8.77,309.6,136,13.93,11.3,3,3.05,2,0
194,0,162.3,88,27.59,213.7,118,18.16,192.1,81,8.64,10.9,2,2.94,0,0
154,0,350.8,75,59.64,216.5,94,18.4,253.9,100,11.43,10.1,9,2.73,1,1
112,0,193.3,96,32.86,264.1,123,22.45,128.6,115,5.79,9.1,3,2.46,4,0
45,0,78.2,127,13.29,253.4,108,21.54,255,100,11.48,18,3,4.86,1,0
132,0,83.4,110,14.18,232.2,137,19.74,146.7,114,6.6,7.6,5,2.05,1,0
128,0,195.6,99,33.25,267.8,120,22.76,164.9,76,7.42,16,2,4.32,0,0
135,0,201.8,81,34.31,225,114,19.13,204.4,82,9.2,10.3,6,2.78,1,0
56,0,197,110,33.49,222.8,102,18.94,225.3,91,10.14,10.6,6,2.86,2,0
151,0,218,57,37.06,114.4,88,9.72,269.2,95,12.11,12.4,1,3.35,0,1
32,0,164.8,98,28.02,229.9,96,19.54,167.3,108,7.53,14.8,2,4,2,0
90,0,179.2,77,30.46,210.7,99,17.91,276.9,58,12.46,9.2,6,2.48,2,0
87,21,214,113,36.38,180,114,15.3,134.5,82,6.05,10.6,5,2.86,0,0
138,0,170.5,87,28.99,118.2,116,10.05,187.9,111,8.46,11.2,7,3.02,2,0
79,0,205.7,123,34.97,214.5,108,18.23,226.1,106,10.17,6.7,18,1.81,1,0
95,0,165.5,84,28.14,286.2,112,24.33,198.9,89,8.95,11.5,2,3.11,1,1
127,0,221,100,37.57,160.7,113,13.66,233.1,96,10.49,6.8,4,1.84,2,0
137,0,242.1,118,41.16,191,93,16.24,218.6,50,9.84,14.7,2,3.97,3,0
97,0,151.6,107,25.77,155.4,96,13.21,240,112,10.8,14.7,4,3.97,1,0
149,0,176.2,87,29.95,145,81,12.33,249.5,92,11.23,5.7,4,1.54,0,0
117,22,196,82,33.32,322.7,82,27.43,225.6,120,10.15,3.7,5,1,1,0
84,0,159.5,125,27.12,247.1,90,21,187.9,82,8.46,7.2,4,1.94,2,0
137,0,230.2,113,39.13,220.4,79,18.73,204.7,111,9.21,10.7,7,2.89,4,0
99,0,146.7,64,24.94,274,99,23.29,321.3,98,14.46,8.9,1,2.4,3,0
54,0,210.5,102,35.79,204.5,83,17.38,127.8,53,5.75,8.5,5,2.3,1,0
85,0,102,95,17.34,270.2,139,22.97,148.2,105,6.67,10.7,3,2.89,1,0
150,0,126,99,21.42,238.5,73,20.27,285.1,100,12.83,10.2,6,2.75,3,0
43,0,168.4,125,28.63,243.8,89,20.72,214.7,102,9.66,11.1,2,3,1,0
35,0,105.6,129,17.95,258.2,129,21.95,213.1,77,9.59,8.7,3,2.35,0,0
98,0,206.5,92,35.11,176.2,152,14.98,232.8,115,10.48,12.4,5,3.35,5,0
112,0,217.1,76,36.91,205.2,100,17.44,185.7,91,8.36,9.4,3,2.54,2,0
16,0,229.6,78,39.03,205.7,108,17.48,166.2,91,7.48,10.8,2,2.92,0,1
98,22,278.3,89,47.31,93.4,143,7.94,107.6,42,4.84,9.7,5,2.62,0,0
84,0,138.6,102,23.56,199,93,16.92,204.1,137,9.18,7.8,4,2.11,0,0
94,0,234.4,103,39.85,279.3,109,23.74,234.2,121,10.54,2,2,0.54,1,1
84,0,181.5,129,30.86,130.7,112,11.11,186.5,118,8.39,8.5,4,2.3,1,0
66,0,167.3,91,28.44,230,68,19.55,191.7,118,8.63,10.6,5,2.86,1,1
98,31,121,105,20.57,218.9,98,18.61,226.7,110,10.2,12,1,3.24,1,0
74,0,221.1,124,37.59,110.8,94,9.42,240.1,112,10.8,10.6,3,2.86,0,0
96,26,145.8,108,24.79,192.2,89,16.34,165.1,96,7.43,9.9,2,2.67,1,0
119,0,222.8,122,37.88,163.2,107,13.87,160.6,112,7.23,11.2,6,3.02,1,0
73,0,183.4,80,31.18,242,115,20.57,201.4,100,9.06,7.5,3,2.03,4,0
92,0,264.3,91,44.93,160.9,115,13.68,198.6,73,8.94,9.3,5,2.51,0,0
21,0,146,78,24.82,109.7,79,9.32,247.4,108,11.13,6.8,7,1.84,0,0
122,0,157.1,134,26.71,184.9,122,15.72,197.2,59,8.87,8.5,5,2.3,4,1
133,0,127.3,108,21.64,251.3,81,21.36,135,88,6.08,10.3,3,2.78,1,0
145,0,187.9,110,31.94,197,117,16.75,167,108,7.52,4.8,4,1.3,2,0
25,0,178.8,90,30.4,141.2,72,12,203,99,9.14,8.4,5,2.27,2,0
64,0,97.2,80,16.52,186.2,90,15.83,189,92,8.5,10.4,6,2.81,2,0
85,0,259.8,85,44.17,242.3,117,20.6,168.8,72,7.6,5.4,1,1.46,0,0
126,0,256.5,112,43.61,199.5,90,16.96,188.3,122,8.47,7,5,1.89,3,0
76,0,169.5,77,28.82,124,87,10.54,219.4,92,9.87,10,3,2.7,0,0
113,0,239.7,47,40.75,282.9,110,24.05,238.4,88,10.73,8.7,3,2.35,2,1
224,0,171.5,99,29.16,160,103,13.6,212.4,102,9.56,5,2,1.35,1,1
117,0,239.9,84,40.78,174.8,106,14.86,209.5,93,9.43,9.8,2,2.65,0,0
128,34,142.3,73,24.19,194.8,79,16.56,239.3,81,10.77,16,6,4.32,1,0
115,0,184.1,98,31.3,327,73,27.8,212.5,106,9.56,7.5,6,2.03,2,0
141,28,206.9,126,35.17,264.4,126,22.47,171.8,124,7.73,9.3,11,2.51,2,0
51,0,259.9,114,44.18,176.2,94,14.98,77.2,112,3.47,15.3,1,4.13,1,0
100,0,203.8,122,34.65,283.1,76,24.06,197.3,83,8.88,12.5,3,3.38,0,0
96,45,248.8,124,42.3,140.3,77,11.93,263.6,102,11.86,10.3,2,2.78,3,0
112,16,221.6,110,37.67,130.2,123,11.07,200,108,9,11.3,3,3.05,1,0
129,0,192.9,131,32.79,185.5,101,15.77,205.2,130,9.23,10.9,4,2.94,1,0
163,0,122.4,129,20.81,113.4,108,9.64,180.2,97,8.11,12.5,7,3.38,1,0
67,40,104.9,65,17.83,216.3,93,18.39,217.4,128,9.78,9.6,9,2.59,1,0
140,0,173.2,91,29.44,196.8,106,16.73,209.3,128,9.42,11.2,5,3.02,3,0
49,0,119.4,69,20.3,273.3,92,23.23,214.4,153,9.65,12.4,7,3.35,2,0
46,0,250.3,100,42.55,260.6,90,22.15,195,104,8.78,13.3,2,3.59,2,1
148,0,178.3,98,30.31,282.6,110,24.02,181,98,8.15,11.4,4,3.08,1,0
112,0,243.4,77,41.38,182.1,97,15.48,259.2,94,11.66,12.8,2,3.46,1,0
78,0,155,106,26.35,175.3,101,14.9,155.6,125,7,11.8,5,3.19,2,0
61,31,288.7,101,49.08,203.8,102,17.32,203.2,49,9.14,8.6,3,2.32,0,0
58,29,240.4,80,40.87,118.9,91,10.11,164.2,108,7.39,11.2,3,3.02,1,0
155,0,190.3,123,32.35,301.3,96,25.61,214.6,134,9.66,8,3,2.16,1,0
100,0,278,76,47.26,176.7,74,15.02,219.5,126,9.88,8.3,4,2.24,0,1
113,0,155,93,26.35,330.6,106,28.1,189.4,123,8.52,13.5,3,3.65,1,0
81,0,153.5,99,26.1,197.6,102,16.8,198.5,86,8.93,6.3,2,1.7,2,0
135,27,273.4,141,46.48,154,99,13.09,245.8,112,11.06,12.3,6,3.32,1,0
99,0,155.3,93,26.4,265.7,95,22.58,145.7,67,6.56,12.4,4,3.35,0,0
59,29,133.1,114,22.63,221.2,82,18.8,131.6,103,5.92,6.8,3,1.84,1,0
135,0,246.8,129,41.96,187.8,121,15.96,154.5,109,6.95,12.6,5,3.4,1,0
85,0,165.4,107,28.12,196,126,16.66,349.2,110,15.71,9.6,7,2.59,2,0
70,0,59.5,103,10.12,257.2,106,21.86,208.3,86,9.37,11.1,6,3,0,0
88,0,138.3,116,23.51,236,138,20.06,179.1,110,8.06,9.6,4,2.59,3,0
55,0,286.7,100,48.74,134.4,121,11.42,192.9,122,8.68,6.9,5,1.86,2,0
75,0,117.3,114,19.94,201.1,61,17.09,107.9,82,4.86,12.2,3,3.29,1,0
79,21,264.3,79,44.93,202.8,118,17.24,173.4,92,7.8,6.3,3,1.7,4,0
85,0,127.9,107,21.74,271.2,124,23.05,202.2,76,9.1,12.5,5,3.38,0,0
86,23,225.5,107,38.34,246.3,105,20.94,245.7,81,11.06,9.8,2,2.65,0,0
91,0,149,115,25.33,245.3,105,20.85,260,94,11.7,8.3,3,2.24,0,0
149,20,198.9,77,33.81,274,88,23.29,190.7,76,8.58,14.3,9,3.86,1,0
97,0,256.4,125,43.59,273.9,100,23.28,222.7,101,10.02,11.1,1,3,1,1
88,0,264.8,124,45.02,245.4,112,20.86,160.5,115,7.22,14.8,2,4,1,1
60,0,98.2,88,16.69,180.5,69,15.34,223.6,69,10.06,9.3,2,2.51,2,0
54,0,159.8,99,27.17,264,64,22.44,115.7,70,5.21,9.7,7,2.62,2,0
11,28,190.6,86,32.4,220.1,122,18.71,180.3,80,8.11,6,3,1.62,3,0
109,0,184,120,31.28,120.4,119,10.23,153.7,86,6.92,11,3,2.97,0,0
90,0,261.8,128,44.51,220.6,104,18.75,136.6,91,6.15,9.6,5,2.59,1,0
115,0,147.9,109,25.14,228.4,117,19.41,299.7,90,13.49,9.6,9,2.59,3,0
144,18,106.4,109,18.09,108.1,113,9.19,208.4,111,9.38,10.1,5,2.73,1,0
91,0,133.7,75,22.73,195.3,87,16.6,280.5,89,12.62,5.9,2,1.59,0,0
105,23,193.5,85,32.9,220.2,90,18.72,272.4,111,12.26,8.5,5,2.3,0,0
71,0,178.2,113,30.29,167.8,94,14.26,182.1,111,8.19,13.6,3,3.67,3,1
132,36,226.2,103,38.45,181.6,125,15.44,258.8,102,11.65,10.5,5,2.84,3,1
112,0,170.4,103,28.97,200.2,71,17.02,258.3,100,11.62,11.6,4,3.13,1,0
86,32,70.9,163,12.05,166.7,121,14.17,244.9,105,11.02,11.1,5,3,3,0
41,34,194.4,63,33.05,254.9,110,21.67,160.2,115,7.21,17.2,9,4.64,2,0
44,0,240.3,146,40.85,164.6,83,13.99,240.7,106,10.83,10.6,2,2.86,1,0
78,0,75,116,12.75,248.7,87,21.14,176,83,7.92,9.5,6,2.57,3,0
149,0,69.1,117,11.75,136.3,100,11.59,181.7,53,8.18,6.3,3,1.7,1,0
72,33,96.6,59,16.42,315.4,98,26.81,163.3,117,7.35,6.2,4,1.67,4,1
139,20,214.6,101,36.48,235.1,132,19.98,162.8,132,7.33,14.8,12,4,0,0
74,0,148.5,111,25.25,146.5,42,12.45,289.2,83,13.01,9.9,6,2.67,3,0
50,0,258.1,106,43.88,161.4,106,13.72,225.1,110,10.13,11.7,5,3.16,1,0
141,23,149.7,112,25.45,162.5,118,13.81,220.3,115,9.91,7.6,2,2.05,3,0
140,0,149.8,134,25.47,164.4,98,13.97,294.7,124,13.26,8.1,2,2.19,1,0
99,0,190.4,102,32.37,158.1,107,13.44,271.5,92,12.22,11.2,4,3.02,2,0
166,0,181.4,108,30.84,253.8,54,21.57,112.3,94,5.05,11.6,6,3.13,1,0
124,0,151.1,123,25.69,187.4,104,15.93,255.4,93,11.49,5.3,3,1.43,1,0
74,0,155.7,116,26.47,173.7,63,14.76,257.4,97,11.58,8.1,4,2.19,0,0
117,0,149.9,95,25.48,256.1,110,21.77,212.7,92,9.57,13.3,13,3.59,2,0
85,0,222.3,132,37.79,231.5,101,19.68,223.5,75,10.06,11,2,2.97,3,0
36,16,149.4,111,25.4,131.8,113,11.2,132.7,87,5.97,6.7,2,1.81,0,0
102,0,233.8,103,39.75,221.6,131,18.84,146.9,106,6.61,12.8,3,3.46,0,0
76,0,204.2,100,34.71,292.6,139,24.87,244.3,105,10.99,10.5,2,2.84,0,0
165,0,242.9,126,41.29,209.8,65,17.83,228.4,126,10.28,0,0,0,1,0
130,0,150.4,119,25.57,230.5,99,19.59,186.3,76,8.38,12.3,4,3.32,1,0
78,0,208.9,119,35.51,252.4,132,21.45,280.2,120,12.61,12.8,7,3.46,0,0
55,0,191.9,91,32.62,256.1,110,21.77,203.7,101,9.17,14.3,6,3.86,1,1
92,0,130.7,113,22.22,260.6,122,22.15,244.2,98,10.99,9.4,2,2.54,2,1
129,33,119.6,104,20.33,278.7,88,23.69,263.4,175,11.85,5.9,2,1.59,2,0
18,0,273.6,93,46.51,114.6,116,9.74,250.6,120,11.28,8.2,4,2.21,1,0
161,0,156.1,114,26.54,180.3,63,15.33,179.6,115,8.08,11.1,9,3,2,0
93,36,178.7,134,30.38,178.6,102,15.18,126.8,82,5.71,8,4,2.16,2,0
144,0,177.5,93,30.18,287.4,75,24.43,180.5,118,8.12,11.9,3,3.21,2,0
75,0,211.3,61,35.92,105.6,119,8.98,175.9,63,7.92,9.7,4,2.62,4,1