LIMIT_BAL,SEX,EDUCATION,MARRIAGE,AGE,PAY_0,PAY_2,PAY_3,PAY_4,PAY_5,PAY_6,BILL_AMT1,BILL_AMT2,BILL_AMT3,BILL_AMT4,BILL_AMT5,BILL_AMT6,PAY_AMT1,PAY_AMT2,PAY_AMT3,PAY_AMT4,PAY_AMT5,PAY_AMT6,default
20000,2,2,1,24,2,2,-1,-1,-2,-2,3913,3102,689,0,0,0,0,689,0,0,0,0,1
120000,2,2,2,26,-1,2,0,0,0,2,2682,1725,2682,3272,3455,3261,0,1000,1000,1000,0,2000,1
70000,1,2,2,30,1,2,2,0,0,2,65802,67369,65701,66782,36137,36894,3200,0,3000,3000,1500,0,1
20000,1,1,2,24,0,0,2,2,2,2,15376,18010,17428,18338,17905,19104,3200,0,1500,0,1650,0,1
120000,2,2,1,39,-1,-1,-1,-1,-1,-1,316,316,316,0,632,316,316,316,0,632,316,0,1
70000,2,2,2,26,2,0,0,2,2,2,41087,42445,45020,44006,46905,46012,2007,3582,0,3601,0,1820,1
450000,2,1,1,40,-2,-2,-2,-2,-2,-2,5512,19420,1473,560,0,0,19428,1473,560,0,0,1128,1
60000,1,1,2,27,1,-2,-1,-1,-1,-1,-109,-425,259,-57,127,-189,0,1000,0,500,0,1000,1
50000,1,2,2,33,2,0,0,0,0,0,30518,29618,22102,22734,23217,23680,1718,1500,1000,1000,1000,716,1
50000,1,1,2,25,1,-1,-1,-2,-2,-2,0,780,0,0,0,0,780,0,0,0,0,0,1
210000,1,1,2,29,-2,-2,-2,-2,-2,-2,0,0,0,0,0,0,0,0,0,0,0,0,1
20000,2,1,2,22,0,0,2,-1,0,0,14028,16484,15800,16341,16675,0,3000,0,16741,334,0,0,1
150000,2,5,2,46,0,0,-1,0,0,-2,4463,3034,1170,1170,0,0,1013,1170,0,0,0,0,1
70000,1,3,2,42,1,2,2,2,2,0,37042,36171,38355,39423,38659,39362,0,3100,2000,0,1500,1500,1
500000,2,3,1,28,0,0,0,0,0,0,22848,23638,18878,14937,13827,15571,1516,1300,1000,1000,2000,2000,1
50000,1,1,2,29,2,2,2,2,2,2,24987,24300,26591,25865,27667,28264,0,2700,0,2225,1200,0,1
50000,2,2,1,46,0,0,0,-2,-2,-2,28718,29166,0,0,0,0,1000,0,0,0,0,0,1
200000,1,1,1,57,-2,-2,-2,-1,2,2,152519,148751,144076,8174,8198,7918,0,0,8222,300,0,1000,1
10000,1,2,1,56,2,2,2,0,0,0,2097,4193,3978,4062,4196,4326,2300,0,150,200,200,160,1
320000,1,2,2,29,2,2,2,2,2,2,58267,59246,60184,58622,62307,63526,2500,2500,0,4800,2400,1600,1
30000,2,2,2,22,0,0,0,0,0,0,28387,29612,30326,28004,26446,6411,1686,1400,560,3000,1765,0,1
240000,2,2,2,44,1,-2,-2,-2,-2,-2,0,0,0,0,0,0,0,0,0,0,0,0,1
60000,1,3,2,30,0,0,0,0,0,0,26324,27471,28108,21993,19899,19771,1576,1213,648,768,1140,0,1
360000,2,1,1,45,-1,-1,2,0,-1,-1,390,1170,780,390,390,390,1170,0,0,390,390,390,1
200000,1,1,1,53,2,2,2,2,2,2,138180,140774,142460,144098,147124,149531,6300,5500,5500,5500,5000,5000,1
20000,1,2,1,38,0,0,0,0,0,-1,17973,19367,19559,18240,17928,150,1699,1460,626,1750,150,0,1
50000,2,3,2,22,0,0,0,0,0,0,44698,42254,38347,32496,23477,24094,1767,1362,1002,840,995,904,1
30000,1,1,2,24,-1,2,0,0,3,2,18199,17618,18631,21319,20692,21201,0,1312,3000,0,1000,1000,1
80000,1,2,2,26,2,0,0,0,0,0,14029,15493,16630,17055,17629,18186,2000,1700,1000,1000,1000,1000,1
50000,1,3,2,37,2,2,2,3,2,2,46004,45976,48953,48851,49318,51143,1000,4035,1000,1400,2800,0,1
450000,1,1,1,40,1,-2,-2,-2,-2,-2,0,0,0,0,0,0,0,0,0,0,0,0,1
310000,2,2,1,35,2,0,0,0,0,0,304991,311243,306314,258610,246491,198889,13019,11128,8407,8599,6833,5987,1
180000,1,1,1,36,0,0,0,0,0,0,163736,116422,99278,95766,97753,95927,4655,2690,2067,2142,2217,1000,1
50000,1,2,1,51,0,0,0,0,0,0,3347,3899,4503,5347,6375,7077,1000,1066,1300,1500,1200,134,1
50000,2,3,1,51,-1,-1,-1,-1,-2,-2,752,300,5880,0,0,0,300,5880,0,0,0,0,1
240000,1,1,2,47,1,-2,-2,-2,-2,-2,0,0,0,0,0,0,0,0,0,0,0,0,1
170000,2,2,2,27,0,0,0,0,0,0,19269,20313,20852,17560,17918,9100,1661,1200,351,358,182,0,1
210000,1,3,1,45,2,3,4,4,5,6,115785,122904,129847,137277,145533,154105,10478,10478,11078,11078,11678,10478,1
50000,2,1,2,24,1,-2,-2,-2,-2,-2,-709,-709,-709,-2898,-3272,-3272,0,0,0,0,0,0,1
130000,1,3,1,56,1,2,2,2,2,3,64617,65978,67282,68557,72796,71345,3000,3000,3000,5500,0,0,1
60000,2,2,1,24,0,0,0,0,0,0,58024,57891,48839,18971,19323,19395,2500,1600,3000,1000,737,2000,1
100000,2,2,1,38,1,2,0,0,2,0,14483,13961,15323,16268,15868,16448,0,1600,1500,0,1000,1500,1
200000,2,3,2,47,2,2,2,2,2,2,199436,202947,193936,196186,200162,189915,8214,7000,6800,7134,0,6836,1
60000,2,1,2,27,2,0,0,0,2,0,19625,20347,21669,23005,22499,22873,1342,1664,2000,0,900,846,1
50000,2,1,2,24,1,2,2,2,2,2,36166,37188,37680,38462,39228,40035,1900,1400,1700,1532,1600,0,1
30000,2,3,2,22,1,2,2,0,0,0,29010,29256,28122,29836,1630,0,1000,85,1714,104,0,0,1
210000,2,2,1,41,-1,-1,-1,-1,-1,-1,3088,1586,343,3763,877,0,1586,343,3763,877,0,419,1
80000,2,2,2,24,0,0,0,0,0,0,81625,81554,79599,49552,49509,49568,3200,3000,2038,2000,1800,1800,1
210000,2,1,1,38,1,-2,-1,0,-1,-1,0,0,250,123,789,1222,0,250,0,789,1222,9616,1
240000,2,2,1,36,1,-2,-2,-2,-2,-2,-946,-946,-946,-946,-946,-946,0,0,0,0,0,0,1
360000,2,1,1,40,2,2,2,0,0,0,105167,115468,112157,114690,117845,120238,12000,0,5900,5000,4500,4700,1
50000,2,3,2,37,1,3,2,0,0,0,52626,51537,49205,30394,30249,29957,0,24,1500,1000,1201,30592,1
50000,1,2,2,23,2,0,0,0,0,0,49758,48456,44116,21247,20066,18858,2401,2254,2004,704,707,1004,1
20000,1,2,2,23,1,2,0,0,2,0,20235,17132,16856,16875,13454,10104,0,1200,1000,0,1000,10000,1
190000,1,2,2,34,2,0,0,0,2,2,129801,131383,134379,142323,140120,150052,5000,5000,10000,0,12118,2769,1
240000,2,3,1,50,0,0,0,0,0,0,234205,231669,214642,207642,210375,214694,10116,9150,8008,8000,8009,7714,1
140000,2,2,3,41,0,0,0,0,0,0,19346,21708,22940,19068,16409,16383,3000,2000,2198,1000,3000,2399,1
140000,2,2,2,26,0,0,0,0,0,0,101551,105246,104781,105334,107699,106828,5366,5087,3605,3894,3785,3304,1
220000,1,1,1,48,2,0,0,0,0,0,210380,213522,201852,169115,172169,162402,10000,9020,6000,5500,6000,5500,1
130000,2,3,2,49,0,0,0,0,0,0,89003,91362,72197,49654,28065,27500,4100,3095,1630,561,600,0,1
50000,1,2,2,27,3,2,2,0,0,-1,13694,14880,14242,13968,14319,2614,1700,0,426,501,2614,1390,1
260000,2,1,2,58,1,-2,-2,-2,-2,-2,0,0,0,0,0,0,0,0,0,0,0,0,1
360000,2,2,2,28,-2,-2,-2,-2,-2,-2,0,0,0,0,0,0,0,0,0,0,0,0,1
460000,1,1,1,40,2,-1,-1,-1,-1,-1,171,2715,-13,2641,-10,22535,2728,0,2654,0,22545,0,1
100000,2,2,2,25,2,0,0,0,0,0,70896,71678,70125,69856,69718,51365,3472,2092,2000,2127,1960,1559,1
280000,1,1,2,33,-1,-1,-1,-1,-1,-1,898,898,325,898,325,-339603,898,325,898,325,0,345293,1
50000,2,2,2,22,1,-2,-2,-2,-2,-2,0,0,0,0,0,0,0,0,0,0,0,0,1
10000,1,2,2,27,0,0,2,0,0,0,7015,10227,9560,9901,9963,10182,3507,0,500,370,393,700,1
300000,1,1,2,34,1,-2,-1,0,-1,-1,0,0,13001,12601,19595,203,0,13001,0,19595,203,0,1
20000,2,1,2,25,0,0,2,0,0,0,11968,14564,27820,15824,15761,12510,2800,0,4000,1700,1000,2000,1
30000,1,3,1,55,2,2,2,3,3,4,9720,10613,11339,12841,13836,14514,1200,1200,2000,1500,1500,1500,1
200000,2,3,1,49,-1,2,2,2,0,0,52439,51040,56205,54723,58657,59983,0,6000,0,5000,2286,3000,1
60000,1,2,2,23,0,0,0,0,0,0,49507,33282,34312,17277,17808,19346,1970,2000,618,809,2000,616,1
110000,1,2,2,29,1,2,2,0,0,0,58362,56598,51908,48647,47862,47969,2500,0,2000,2000,1854,2000,1
230000,2,2,1,28,0,0,0,-2,-1,-1,26361,18826,1100,2100,767,6173,1710,1100,1000,767,6173,1000,1
220000,2,2,1,41,-1,2,2,-1,2,-1,650,650,325,950,475,325,325,0,950,0,325,325,1
60000,2,2,1,34,2,2,2,2,2,0,24898,27976,27233,30184,29566,30225,3800,0,3720,0,1300,1291,1
200000,2,2,1,37,1,-1,2,-1,-1,-1,-179,505,189,6773,23209,16893,1000,0,6900,24000,17000,2500,1
130000,2,2,2,40,0,0,2,0,0,0,9559,12394,11883,9826,10167,12685,3000,0,500,500,2700,500,1
50000,2,2,1,31,0,0,0,0,0,0,46512,47716,49675,30929,30078,29170,1974,4406,1061,1073,1046,1047,1
50000,2,2,2,29,0,0,0,0,0,0,47081,49316,50409,45545,39963,41145,3000,2000,2000,2000,2000,2000,1
30000,2,2,2,26,0,0,0,0,0,0,17893,19012,20123,20222,20796,19844,1411,1522,621,795,715,1000,1
380000,1,1,2,30,1,-2,-2,-2,-2,-2,0,0,0,0,0,0,0,0,0,0,0,0,1
180000,1,2,1,45,-1,0,0,0,0,0,27679,28422,29650,29981,30419,31127,1481,2000,1100,1200,1500,1500,1
500000,2,2,2,23,4,3,2,0,0,0,507726,509229,499936,505507,484612,419643,10000,0,14000,16500,16000,19000,1
110000,1,1,1,40,1,-2,-1,0,-1,-1,0,0,2066,2000,216,216,0,2066,0,216,216,66,1
20000,2,2,1,32,3,2,0,0,0,0,20631,20010,19703,11084,10918,10985,0,1168,384,390,632,616,1
180000,1,2,1,36,2,2,-2,-2,-2,-2,83538,0,0,0,0,0,0,0,0,0,0,0,1
50000,1,2,2,31,0,0,0,0,0,0,20526,15129,15093,9577,11139,12487,2000,3000,327,3000,3000,5000,1
50000,2,2,1,37,2,2,2,0,0,0,1894,3200,3381,3559,1948,2415,1500,400,200,500,500,400,1
170000,2,2,2,28,-1,0,0,2,0,0,2948,3848,5646,5464,5577,5889,1105,1903,0,296,500,95,1
80000,1,3,1,73,-1,0,0,2,2,2,63144,65631,68875,70646,72870,75018,3500,4330,3500,3500,3500,5100,1
260000,1,1,1,30,-1,-1,-1,0,0,-1,1131,291,582,291,0,291,291,582,0,0,130291,651,1
280000,2,2,1,39,1,-1,0,0,0,0,-1312,35918,37297,37154,32581,33316,38621,2000,1130,922,1011,5000,1
150000,1,1,2,41,-1,-1,-1,-1,-1,2,1464,2084,384,0,2344,822,2091,384,0,2344,0,472,1
160000,2,1,2,29,2,2,2,2,2,2,160432,163916,159676,166893,170098,153800,7500,0,11558,5800,0,5654,1
60000,2,1,2,23,1,2,2,2,2,2,29332,28577,30805,31601,32349,32965,0,2709,1600,1400,1300,1200,1
230000,2,2,2,27,1,2,0,0,0,0,13668,12647,13135,10596,9218,5068,0,1064,423,313,1000,4641,1
260000,2,1,2,36,1,-2,-2,-2,-2,-2,0,0,0,0,0,0,0,0,0,0,0,0,1
200000,1,2,1,38,2,2,2,0,0,0,104978,105924,102663,97090,98045,105253,4500,0,3500,3500,9000,0,1
20000,2,3,2,49,2,2,2,2,0,0,9551,12081,13087,12583,15327,16414,3000,1500,0,3123,1500,1000,1
170000,2,1,2,31,-1,-1,-1,-1,0,-1,199,199,199,398,199,199,199,199,398,0,199,398,1
390000,2,1,2,27,0,0,0,0,0,0,304867,299998,300426,292869,292885,281826,13007,10612,10041,11000,10512,7000,1
270000,2,2,1,32,1,2,2,2,2,2,234752,233036,229286,217644,223690,221413,10000,8000,0,16000,8000,0,1
80000,2,1,2,23,0,0,0,0,0,0,77024,73281,57806,37642,46235,47110,3212,1600,956,40000,1800,1700,1
240000,1,1,2,44,0,0,0,0,0,0,246135,231443,234557,200643,194410,198857,12026,9010,7400,8000,8000,7000,1
380000,1,1,1,51,1,-2,-2,-2,-2,-2,0,0,0,0,0,0,0,0,0,0,0,0,1
600000,1,1,1,53,2,2,0,0,0,0,467150,458862,469703,447130,440982,434715,0,18000,16000,16000,21000,20000,1
70000,1,2,1,48,0,0,0,0,0,-1,50927,39883,32017,17630,9730,6400,2100,1217,500,0,6400,4590,1
230000,1,1,1,59,-1,0,0,0,0,0,208459,206331,203813,201331,198999,191671,7536,7277,7100,7120,6844,6945,1
220000,1,1,2,38,0,0,0,0,0,0,212795,211043,212759,218541,167743,165300,8909,7500,9000,6729,6000,7009,1
390000,2,3,2,35,0,0,0,0,0,0,355215,363325,373181,252195,257496,263018,13802,16525,8893,9229,10000,9435,1
140000,1,2,2,26,0,0,2,2,2,2,131367,146193,140202,144035,140419,130271,17000,0,11400,550,5300,5400,1
220000,2,2,1,36,-1,-1,-1,0,-1,-1,396,1648,792,396,396,396,1648,792,0,396,396,792,1
80000,2,1,1,28,0,0,0,0,0,0,8574,9434,10038,10040,10400,10490,1203,1047,248,408,294,276,1
130000,2,1,1,33,0,0,0,0,0,0,19161,20544,22704,22304,22304,0,2000,3000,0,0,0,0,1
120000,2,2,2,35,-1,-1,-1,-1,-1,-1,240,240,240,240,240,240,240,240,240,240,240,240,1
50000,1,2,2,23,2,2,2,2,2,2,29509,30741,31438,31924,32566,33081,2000,1500,1300,1300,1200,1500,1
360000,1,1,2,28,-1,-1,-1,0,0,-1,1210,820,64644,125984,106584,125557,390,75720,62520,17000,132200,167000,1
140000,2,2,1,42,0,0,0,0,0,0,111496,112133,69529,70804,70781,66735,6022,3021,5012,5112,3000,5000,1
620000,2,2,1,45,2,2,0,0,0,0,160837,156839,160440,163781,167159,170894,0,6200,6000,6000,6500,6000,1
10000,1,2,2,46,0,0,2,2,2,0,4073,6394,6143,6908,6652,6785,2400,0,871,0,244,251,1
100000,2,3,1,50,2,0,0,3,3,2,53849,55030,61574,62470,61198,62524,2050,7500,2500,0,2500,2500,1
30000,2,2,1,36,2,3,2,2,0,0,28778,28039,28286,27533,28189,28805,0,1000,0,1100,1100,1500,1
220000,2,1,1,41,1,-2,-2,-2,-2,-2,-65,-65,-65,-65,-65,-200,0,0,0,0,0,0,1
100000,1,3,1,52,0,0,2,2,2,0,4657,6068,6418,6781,6144,7638,1500,1000,1000,0,2000,2000,1
190000,2,1,2,41,-1,-1,-1,-1,-1,-1,28204,0,16500,0,26854,554,0,16500,0,26854,500,0,1
50000,1,1,1,56,0,0,0,0,0,0,50715,51073,28185,28842,30399,29977,2500,1500,1100,2000,1500,1017,1
90000,2,1,2,24,0,0,0,0,0,0,13141,14526,15482,18219,22737,23387,1600,1500,3000,5000,1020,764,1
160000,2,2,2,60,-2,-1,-1,0,-1,-1,3128,5156,1089,489,3177,1009,5156,1089,0,3177,1009,0,1
290000,1,1,1,53,2,0,0,0,0,0,279610,282024,282508,284660,255892,238266,13000,10200,10265,8803,8300,8546,1
30000,1,2,2,28,1,-1,-1,-2,-2,-2,0,780,0,0,0,0,780,0,0,0,0,0,1
220000,1,1,1,43,1,-2,-2,-2,-2,-2,0,0,0,0,0,0,0,0,0,0,0,0,1
210000,1,3,2,25,-1,-1,2,-1,-1,-1,8817,23634,21776,9631,1561,1990,23776,0,9631,1561,1990,7967,1
300000,2,2,1,36,-1,-1,2,0,-1,-1,-475,5191,4606,2303,2768,65373,10000,0,0,2768,65373,10780,1
30000,1,3,1,59,-1,-1,-1,-1,-1,-1,390,390,390,390,390,1320,390,390,390,390,1320,0,1
360000,2,1,2,29,0,0,-2,-2,-2,-1,3280,0,0,0,0,2650,0,0,0,0,2650,0,1
60000,1,3,1,31,2,0,0,-2,-2,-2,35369,35320,0,0,0,0,1027,0,0,0,0,0,1
280000,2,2,1,44,2,2,2,2,2,2,186149,181779,192189,195517,199250,195874,0,15000,8000,7000,0,15000,1
450000,2,1,1,42,1,-2,-2,-1,-1,-2,-200,-200,0,42000,0,0,0,200,42000,0,0,0,1
280000,1,2,1,39,-2,-2,-2,-2,-2,-2,2082,3557,5623,5400,3866,3526,3597,5672,5427,3885,3543,3519,1
190000,2,1,2,28,0,0,0,0,0,0,46923,48666,49347,50386,43883,34412,2500,2000,3000,2000,2000,2000,1
90000,1,2,1,40,0,0,0,-1,-1,-1,42856,44925,0,787,1457,0,3114,0,787,1457,0,0,1
20000,2,1,1,30,2,2,2,0,0,0,5766,7511,7678,7318,7458,7598,2000,500,0,500,500,0,1
20000,1,2,1,34,0,0,0,0,0,0,12857,14183,14890,15642,16387,17113,1541,1248,1000,1000,1000,1000,1
100000,2,1,2,28,2,0,0,0,0,0,96193,82342,81967,82177,78840,79261,3600,3800,3000,3000,3023,3000,1
30000,1,2,2,25,2,2,7,7,7,6,2400,2400,2400,2400,2400,1800,0,0,0,0,0,0,1
90000,1,3,2,42,2,2,2,2,2,2,64762,63164,32789,31641,29240,28306,0,2900,0,2500,0,1300,1
190000,1,2,2,40,2,2,2,2,2,2,145613,156765,159386,161870,165725,169928,15000,6600,6500,6500,7000,7000,1
20000,2,3,1,41,-1,-1,-1,0,0,0,780,0,732,642,1252,643,0,732,300,1000,500,1000,1
200000,2,2,1,29,2,0,0,0,0,0,159398,156955,132144,119136,122211,125021,6163,4530,4500,5000,5000,5000,1
10000,2,3,2,22,0,0,0,0,-2,-2,8109,9778,8259,0,0,0,2000,1036,0,0,0,0,1
50000,2,2,3,30,1,3,2,0,0,0,52515,51424,49967,20036,20076,37615,0,0,2000,1000,1000,1600,1
50000,1,1,2,26,-1,0,0,0,0,0,15448,16392,18096,18425,18619,19060,1500,2000,1500,1200,900,1000,1
70000,2,2,1,33,0,0,0,0,0,0,69418,68943,38783,3758,1261,0,2382,2025,1000,25,0,1651,1
10000,1,2,2,22,0,0,0,0,0,0,7960,9649,8518,8628,9293,5033,2000,1000,500,1500,0,2500,1
10000,1,2,1,45,0,0,0,2,0,0,7139,8416,9815,9508,9754,10192,1400,1700,0,400,600,200,1
60000,1,1,2,29,-1,2,-1,-1,2,2,546,255,464,1173,732,1023,0,500,1000,0,582,0,1
80000,2,2,2,25,2,0,0,2,0,0,17330,19258,23416,22768,23243,23718,3000,4790,0,816,833,2000,1
300000,2,3,1,34,0,0,0,0,0,0,280823,275303,271952,193403,187562,191069,11000,12000,7200,6500,6173,5500,1
150000,2,1,2,31,2,-1,-1,-1,-1,-1,390,390,390,4825,5202,780,390,390,4825,5202,780,0,1
50000,2,2,2,25,8,7,6,5,4,3,37647,37102,36238,36374,35229,34365,0,0,1000,0,0,3000,1
50000,1,2,2,26,0,0,0,0,0,0,48036,46787,42011,19147,2845,20041,2100,1227,383,2000,20000,649,1
230000,2,2,1,30,2,0,-1,-1,-1,-1,9636,10152,1817,-828,6153,12663,1222,1837,0,7863,12675,2959,1
50000,2,2,2,52,1,2,0,0,0,2,43343,43360,23417,21969,21179,18711,1300,1400,920,1700,0,900,1
50000,2,1,1,32,2,0,0,-1,0,-1,47858,49223,42589,639,4639,2312,2500,3000,7000,4000,2413,2000,1
100000,2,1,2,28,2,2,2,2,2,2,79580,81493,82759,83609,85325,87096,3790,3200,3100,3200,3332,3280,1
210000,2,1,1,42,1,-2,-1,-1,-2,-2,0,0,2490,0,0,0,0,2490,0,0,0,0,1
230000,2,2,1,32,0,0,0,0,2,0,87764,73526,72376,76870,75211,76645,2630,2614,6000,0,3000,2800,1
20000,1,2,2,25,4,3,2,0,0,0,20610,20005,19331,19333,17363,16314,0,0,500,715,326,0,1
20000,2,3,2,36,0,0,2,2,2,2,16754,18873,19862,19245,20532,19953,2400,1600,0,1600,209,0,1
120000,1,3,1,33,1,2,2,2,2,2,66055,67405,68405,69387,70727,72215,3000,2700,2700,2600,2800,0,1
70000,1,3,1,51,2,2,0,0,0,0,54968,51384,49734,50361,49185,47245,0,2100,1950,1900,2219,2100,1
50000,2,2,2,24,1,2,0,0,0,0,48861,48082,48614,26667,26036,26850,2000,2233,1083,1100,1400,3000,1
40000,1,1,2,27,0,0,0,0,0,0,11058,11471,11776,12660,12660,12413,2000,1500,2330,2300,1000,2078,1
470000,2,2,1,27,0,0,0,0,-1,0,152478,62084,54551,14363,97440,90717,3001,4005,2021,97441,5001,5001,1
30000,2,3,2,53,-1,-1,-1,-1,-1,-1,1598,2487,0,4810,2796,3245,2487,0,4810,2796,3245,7305,1
500000,1,1,1,43,1,-2,-2,-2,-2,-2,0,0,0,0,0,0,0,0,0,0,0,0,1
110000,2,2,2,33,1,-2,-2,-2,-2,-1,0,0,0,0,0,150,0,0,0,0,300,102,1
50000,1,2,3,42,2,0,0,2,0,0,47647,50232,50510,32177,29530,29789,3700,3700,0,1072,1500,1132,1
150000,1,3,1,37,4,4,4,3,2,0,151117,153787,150320,147989,143355,143131,6500,0,512,0,4388,4221,1
40000,2,1,2,29,0,0,2,2,2,2,26461,29425,30145,29361,33893,34487,3400,1500,0,5000,1300,0,1
100000,2,3,1,43,2,2,2,2,2,2,50485,51582,52141,52691,54199,53176,2200,2000,2000,2500,0,4500,1
30000,2,3,2,52,2,2,7,7,7,7,2450,2450,2450,2450,2450,2450,0,0,0,0,0,0,1
210000,2,2,1,49,1,-2,-2,-2,-2,-2,0,0,0,0,0,0,0,0,0,0,0,0,1
50000,1,3,2,55,0,0,0,0,0,0,51737,27121,28103,28814,29261,29878,2930,1447,1158,1041,1082,994,1
240000,2,2,1,37,-1,-1,-2,-2,-2,-2,238,0,0,0,0,0,0,0,0,0,0,0,1
110000,1,1,3,55,1,2,2,2,3,2,92610,94755,92351,101140,99260,101577,4500,0,11300,0,4100,0,1
170000,2,1,2,28,2,2,2,2,2,2,131864,133897,129761,138604,136283,145012,5600,0,11000,0,11000,5656,1
90000,2,3,3,51,0,0,0,0,2,0,11315,12340,13349,14276,13904,14184,1212,1221,1148,0,510,525,1
50000,1,1,2,30,2,2,2,-1,2,2,4187,5152,3679,596,446,2699,2300,0,700,0,2300,0,1
120000,1,1,2,32,1,-2,-2,-2,-2,-2,0,0,0,0,0,0,0,0,0,0,0,0,1
180000,1,1,2,27,-2,-1,2,2,-2,-2,11392,14688,14040,13440,13440,13080,3500,0,0,0,0,0,1
320000,1,1,1,60,-1,-1,-1,-1,0,-1,9955,3465,84421,886,11741,4317,3465,84440,886,11533,4317,52466,1
160000,2,2,2,29,2,2,-1,-1,-1,-1,1989,-8,866,0,892,0,0,874,0,892,0,594,1
30000,1,2,2,32,2,0,0,2,2,2,7851,9065,11595,11112,12923,12566,1500,3000,0,2000,0,1000,1
180000,2,2,1,32,1,2,2,2,0,0,15548,15009,17752,17172,18732,23389,0,3000,0,2000,5000,2000,1
80000,2,2,2,24,2,2,5,5,4,3,1200,1200,1200,1200,600,300,0,0,0,0,0,0,1
30000,1,1,1,27,-1,0,0,0,0,-2,12897,13484,6655,6618,0,0,2011,2211,2101,148,0,0,1
130000,2,1,1,35,-1,-1,-1,-1,-1,-1,6348,321,321,0,321,0,321,321,0,321,0,0,1
320000,1,1,1,35,1,-2,-2,-2,-2,-2,291,2594,2691,291,291,291,2594,2691,291,291,291,3124,1
20000,1,2,3,35,1,-2,-2,-2,-2,-2,0,0,0,0,0,0,0,0,0,0,0,0,1
90000,2,2,2,33,0,0,-1,-1,0,0,63626,1788,1988,55970,59612,40281,1000,2000,61000,5000,1800,1200,1
20000,1,3,1,63,2,2,2,2,2,0,16097,16951,17090,17128,16725,17263,1400,700,600,0,800,772,1
50000,2,2,1,47,0,0,0,0,0,0,44624,45128,3837,3913,4146,4225,2355,1064,140,296,296,301,1
70000,2,1,2,34,1,3,2,0,0,0,70971,71272,69405,34045,34995,36025,2000,0,1220,1500,1725,0,1
20000,1,2,2,44,0,0,0,0,0,0,17636,17947,17914,18357,19155,10200,1375,1122,565,1000,204,0,1
50000,1,3,1,72,2,0,0,0,2,2,35417,36453,37166,39710,40519,41324,1908,1621,3165,1600,1620,0,1
50000,1,2,1,48,0,0,0,0,0,0,40931,40892,41612,18825,18019,18124,1880,1650,10000,1000,700,600,1
50000,2,1,2,27,1,2,2,2,2,2,36794,35922,39319,38387,42764,41926,0,4000,0,5000,0,5000,1
300000,1,1,1,43,1,-2,-2,-2,-2,-2,0,0,0,0,0,0,0,0,0,0,0,0,1
150000,2,1,2,29,0,0,2,0,0,0,108817,83654,79713,64468,66488,58131,7500,0,4000,4000,4000,3500,1
30000,2,2,1,39,-1,-1,-1,-1,-1,-1,223,223,223,223,223,675,223,223,223,223,675,10473,1
500000,2,1,2,36,-2,-2,-2,-2,-2,-2,-312,-2479,2479,2479,763,288,0,4958,0,763,0,14472,1
200000,1,2,1,42,1,2,0,0,2,2,38187,35827,19208,20023,19572,19652,44,1303,1522,0,1099,1339,1
50000,1,2,2,49,0,0,0,0,0,0,90231,90647,92309,93880,99418,101392,2852,2784,2603,10000,3164,2868,1
220000,2,2,2,31,-1,-1,-2,-1,-1,-2,38746,0,0,110699,0,0,0,0,110699,0,0,0,1
50000,1,3,1,46,-1,2,2,-2,-2,-2,13473,12800,0,0,0,0,0,0,0,0,0,0,1
80000,2,2,2,25,0,0,0,0,0,0,81003,85894,87061,89008,93523,80288,8213,3491,3508,19523,3288,1570,1
20000,1,2,1,35,1,2,2,0,0,0,19755,19661,20018,20427,19377,19386,1000,1000,1000,1500,900,1000,1
150000,2,1,2,30,0,0,2,0,0,2,44795,43700,19543,34648,24241,19339,10000,20,30000,19800,0,5000,1
20000,1,3,2,32,0,0,2,2,2,0,3677,6002,5758,12619,12274,15049,2400,0,7000,0,3000,4000,1
100000,2,1,2,30,0,0,0,0,2,0,28383,32903,42283,51539,50583,52588,5000,10000,10000,0,2846,1936,1
180000,1,3,1,33,2,2,0,0,0,2,159999,156038,159924,162775,174719,178651,0,8000,7000,15000,7000,0,1
170000,1,1,2,37,-1,-1,-1,-1,-1,-1,4334,1343,1078,1392,1606,9955,1343,1078,1392,1606,9955,4382,1
50000,2,3,1,40,2,2,0,0,0,0,49157,47990,38426,7816,7859,7979,0,2050,500,500,400,400,1
90000,1,2,1,44,2,0,0,0,0,0,89875,92338,87511,47796,48306,49054,4000,4200,1700,1800,2083,1827,1
60000,2,2,1,42,2,2,0,0,0,0,57598,50821,19638,18919,16853,29682,0,2000,2000,1000,20000,10000,1
150000,2,1,1,31,-2,-2,-2,-2,-2,-2,2977,1408,0,0,0,0,1408,0,0,0,0,4400,1
250000,2,2,2,33,0,0,0,0,0,0,255223,47070,48130,49625,51500,0,1600,1650,2100,3000,0,94825,1
80000,2,2,2,29,2,0,0,0,0,0,77416,75500,69313,67972,66800,68693,2661,2509,2500,3000,3000,3000,1
20000,2,2,2,23,0,0,0,0,0,0,17257,17417,14462,14750,15215,16209,1230,1239,527,702,1400,0,1
140000,1,1,1,54,0,0,0,0,0,0,139406,140295,134000,74388,92555,86993,5545,4200,3105,86417,3936,48390,1
10000,1,2,2,38,2,2,3,3,3,3,1050,1050,1050,1050,1050,1050,0,0,0,0,0,0,1
30000,2,1,2,27,0,0,0,0,0,0,23447,24563,25650,26222,26800,27554,1500,1500,1000,1000,1200,4271,1
20000,2,1,2,24,2,2,2,0,0,0,7919,8637,9339,10029,10615,11285,1000,1000,1000,900,1000,500,1
50000,2,2,1,46,-1,-1,-1,-1,-1,-1,569,1436,3220,6592,5085,1050,1440,3224,6621,5396,1050,0,1
50000,1,2,2,25,2,2,0,0,0,2,7180,6922,7849,8018,8884,8593,0,1200,300,1000,0,1000,1
80000,2,2,1,37,2,2,2,2,2,2,15234,16893,17834,17250,18470,18023,2200,1500,0,1500,0,1600,1
40000,1,3,1,43,0,0,0,0,0,0,41094,36554,37568,38314,39141,40231,1611,1625,1371,1444,1765,1283,1
220000,1,2,1,60,-1,-1,-1,-1,-1,-1,1994,1598,6944,7161,1534,11248,1606,6978,7196,1541,11304,483,1
40000,2,2,1,25,0,0,2,2,2,2,21590,24326,23642,25936,25384,26905,3400,0,3000,0,2100,0,1
120000,2,3,2,37,-1,-1,-1,-1,-1,-1,776,1616,776,776,776,776,1616,776,776,776,776,776,1
160000,2,2,1,35,-1,-1,-1,-1,-1,-1,776,1172,380,776,1172,380,1172,380,776,1172,380,776,1
450000,1,1,2,31,-1,-1,-1,-1,-1,-1,10350,3629,3271,6271,2135,2546,3629,3271,6271,2135,2546,4877,1
100000,1,2,2,39,0,0,0,0,0,0,121895,107315,115214,83649,59993,62813,4500,10000,11000,3000,4000,3000,1
120000,1,1,1,54,-1,-1,-1,-1,0,-1,390,390,390,1878,390,930,390,390,1878,0,930,0,1
260000,2,2,1,35,0,0,0,0,0,0,425349,435873,445129,452162,258010,221780,14347,15000,12406,9279,6078,0,1
20000,1,3,1,38,0,0,-1,-1,-1,-1,19805,19900,390,390,0,780,1000,390,390,0,780,0,1
50000,2,2,2,37,1,2,2,2,2,2,14008,13493,17259,16684,18017,17581,0,4000,0,1600,0,3000,1
290000,2,2,1,40,0,0,0,0,0,0,274558,256910,229566,148812,53157,47998,10700,11014,5800,1820,2000,2000,1
160000,2,3,1,51,2,2,2,2,2,2,142064,144900,146534,147955,145488,155041,6600,5500,5310,0,12000,0,1
200000,2,1,2,39,-2,-2,-2,-2,-1,-1,0,0,0,0,2330,0,0,0,0,2330,0,0,1
20000,1,1,2,41,-2,-2,0,0,0,0,18803,18376,19342,19081,19799,18718,36147,1281,658,1000,1000,760,1
180000,2,3,1,39,2,0,0,-2,-2,-2,172488,72050,0,0,0,0,3450,0,0,0,0,0,1
30000,1,2,2,26,1,3,2,2,0,0,31305,30527,30789,29504,30276,29695,0,1060,0,1251,1078,1243,1
150000,1,1,2,28,-1,2,2,-2,-2,-2,1111,820,-311,-602,-893,-1184,0,0,0,0,0,0,1
10000,1,2,2,35,1,6,5,4,3,2,8257,8001,7741,7481,7075,6815,0,0,0,0,0,700,1
160000,2,3,1,41,2,2,2,0,0,2,46017,47188,46134,47063,50034,51063,2200,0,2000,3900,2000,0,1
40000,2,2,1,23,2,2,2,2,2,2,33895,33068,35704,36173,36796,37288,0,3200,1500,1500,1400,1500,1
140000,1,2,1,34,-1,-1,-1,-1,-1,-1,430,430,702,430,430,430,430,702,430,430,430,860,1
30000,2,2,2,47,2,2,2,2,2,2,16039,17080,17302,17521,17893,18252,1600,800,800,800,800,0,1
150000,2,2,1,34,2,2,2,0,0,0,39465,42829,41845,42844,43999,45110,4000,0,2000,2000,2000,2000,1
100000,2,1,2,28,-1,-1,-1,-1,-1,-1,555,712,712,712,862,712,712,712,712,862,712,1840,1
210000,2,3,2,36,1,-1,-1,-2,-1,-1,0,4866,0,0,5916,0,4866,0,0,5916,0,0,1
130000,2,1,1,38,0,0,0,-2,-2,-2,64942,66775,0,0,0,0,4000,0,0,0,0,0,1
100000,1,2,2,30,1,3,7,6,7,8,72652,90461,89011,96593,105083,103522,20000,0,10000,10000,0,0,1
360000,1,1,1,38,-1,-1,-1,-1,-1,-1,780,0,390,390,390,390,0,390,390,390,390,390,1
100000,2,1,1,51,1,-2,-2,-1,2,2,0,0,0,300,150,780,0,0,300,0,630,0,1
20000,1,2,2,33,0,0,0,0,0,-1,8488,10179,11901,11901,9336,9054,2000,2000,0,0,9054,2000,1
220000,1,1,2,28,0,0,0,0,0,0,221268,219545,216317,181012,181435,183283,8700,8500,6300,6700,7200,5300,1
20000,2,1,2,24,-1,-1,-1,2,2,2,390,707,1320,930,780,240,1097,1003,0,240,0,780,1
300000,2,1,2,28,2,-1,-1,0,0,-2,1314,168,1080,1080,0,0,170,1080,0,0,0,2500,1
20000,2,1,2,24,1,-1,-1,-1,2,2,0,20087,2110,300,150,650,20087,2200,600,0,500,0,1
360000,2,2,2,27,0,0,0,0,0,0,238971,245515,248969,253896,259403,264352,10381,9036,9066,9576,9426,9435,1
220000,1,1,2,34,2,2,0,0,0,2,203101,185384,149839,142404,120918,87005,311,38024,8105,10117,37,5264,1
10000,2,1,2,27,-1,-1,-2,-2,-2,-2,499,0,0,0,0,0,0,0,0,0,0,0,1
50000,1,1,2,22,0,0,2,0,0,0,47726,51161,48310,50332,47492,50782,5500,0,3000,3000,5000,0,1
220000,2,1,1,42,2,2,2,2,2,2,2500,2500,2500,2500,2500,2500,0,0,0,0,0,0,1
30000,2,2,2,37,3,2,2,0,0,0,29657,30320,28991,29066,29340,30786,1763,0,1178,1223,2435,1200,1
150000,2,1,1,38,1,-2,-2,-2,-2,-2,0,0,0,0,0,0,0,0,0,0,0,0,1
70000,1,1,2,30,2,2,0,0,0,0,34985,34146,35271,35986,36905,37641,0,2000,1300,1500,1500,1576,1
20000,1,2,1,40,1,2,0,0,0,0,20498,19692,20498,19898,19906,18586,0,1600,0,398,0,0,1
130000,1,1,2,25,1,-2,-2,-2,-2,-2,-2000,-2000,-2000,-2000,-2000,-2000,0,0,0,0,0,0,1
500000,2,1,1,35,0,0,0,0,0,0,35176,36193,44157,48322,21593,13866,2504,10004,5178,1047,2019,1004,1
150000,2,1,1,38,1,-2,-2,-2,-2,-2,0,0,0,0,0,0,0,0,0,0,0,0,1
80000,2,3,2,40,3,2,2,2,2,2,38503,40118,41199,42264,43083,43471,2500,2000,2000,1600,1200,2000,1
80000,1,1,2,37,1,-2,-2,-2,-2,-2,0,0,0,0,0,0,0,0,0,0,0,0,1
50000,2,2,2,49,2,0,-1,-1,-1,0,38947,37799,3,18080,12227,13296,2000,1000,19000,12500,2000,2000,1
50000,1,2,2,42,0,0,0,0,0,0,39236,39729,27068,28604,28199,58428,2094,1451,1987,1039,1500,1200,1
360000,1,1,2,65,1,-2,-2,-2,-2,-2,0,0,0,0,0,0,0,0,0,0,0,0,1
10000,1,2,2,22,0,0,0,0,0,0,8602,8728,9721,9609,9503,9771,1158,1151,339,344,425,195,1
50000,2,2,2,33,2,0,0,0,0,0,27752,28787,29800,30393,31031,33020,1487,1500,1081,1121,2500,0,1
360000,2,2,1,32,1,-2,-2,-2,-2,-2,-301,-301,-301,-301,-301,-301,0,0,0,0,0,0,1
20000,2,2,2,40,2,2,0,0,0,3,18278,17696,19008,19083,21871,21236,0,1612,687,3100,0,0,1
390000,2,3,1,38,-2,-2,-2,-2,-1,-1,241,0,0,0,739,0,0,0,0,739,0,0,1
20000,2,2,2,22,1,2,2,2,2,2,5613,5377,6920,6911,6655,7191,0,1638,251,0,647,0,1
200000,1,2,1,42,0,0,0,0,0,0,68670,69702,70015,72073,71690,73661,4000,4000,5000,2563,5000,5000,1
50000,2,2,1,36,2,0,0,0,0,0,50922,50367,41627,42297,43031,45837,1715,1991,1661,1566,3526,0,1
20000,2,2,1,42,2,0,0,0,0,0,12426,13143,14152,14435,14802,15256,1225,1234,517,600,700,710,1
70000,1,2,2,31,0,0,0,0,2,0,46079,47232,48618,51134,50222,48874,2200,2500,3600,0,1754,1892,1
30000,2,2,1,24,2,2,0,0,0,0,31214,28983,28301,31072,24147,4007,0,1400,3561,483,80,0,1
50000,2,2,2,28,0,0,0,0,0,0,28457,29491,30508,31599,32262,32904,1492,1509,1600,1170,1177,1217,1
110000,1,2,2,26,2,2,2,2,2,2,58112,56620,60732,61938,63097,64492,0,5700,2800,2300,2600,2300,1
130000,1,3,1,46,1,2,0,0,0,0,26582,25956,25144,23235,13277,13895,100,2000,1000,700,1000,2000,1
80000,2,2,2,30,1,2,0,0,0,0,6393,6148,7311,7303,7456,7605,0,1266,258,267,269,278,1
180000,1,2,1,26,0,0,0,2,-1,-1,175539,138825,51686,2594,171716,181693,3826,7000,0,171716,13400,0,1
30000,1,3,1,50,0,0,0,0,0,-1,28339,24232,15626,9330,4372,1419,1681,2000,0,0,1419,12000,1
150000,1,2,1,55,1,2,2,0,0,0,76516,78505,76652,77688,79440,81126,3800,0,2800,3000,3000,3200,1
110000,1,2,1,36,2,2,2,2,2,2,57135,55648,59518,57964,66995,65762,0,4803,0,10000,0,7195,1
90000,2,1,1,41,2,2,2,2,2,2,78700,80348,81630,82890,84709,86252,3500,3200,3200,3300,3100,3100,1
80000,2,3,1,37,1,2,2,0,0,0,99396,100495,97982,100261,102147,91829,3560,0,3912,3832,3508,2800,1
50000,2,1,2,24,2,2,2,0,0,0,43379,46097,44187,43165,37967,36327,3628,8,1500,1490,1303,2000,1
10000,2,3,1,53,1,4,3,2,2,2,4479,4272,4064,3856,4390,4171,0,0,0,900,0,900,1
20000,1,1,2,23,-1,2,2,2,2,2,15383,16142,15586,17322,16908,17564,1300,0,2000,0,1240,0,1
320000,1,2,1,41,1,-2,-2,-2,-2,-2,0,0,0,0,700,860,0,0,0,700,860,2420,1
50000,1,2,2,33,0,0,0,0,0,0,48058,49348,41707,29358,29860,30461,2097,1456,1200,1100,1076,1200,1
70000,2,2,1,44,2,2,2,2,2,2,12662,13661,13145,14123,13754,14724,1500,0,1200,0,1200,0,1
230000,1,2,2,27,-1,-1,-1,-1,0,0,416,568,1427,14947,13255,8226,568,1427,14947,437,1000,900,1
20000,1,3,2,43,-1,-1,2,0,0,0,390,1736,1170,780,780,0,1736,0,0,0,0,0,1
350000,1,1,2,42,2,0,0,0,0,0,320982,322788,272799,117867,117518,119718,12618,11127,4327,4261,4150,4153,1
50000,2,3,2,52,0,0,0,0,0,0,34781,34458,33311,18033,18740,19408,1725,1800,3000,1000,1000,657,1
140000,1,1,1,57,2,2,2,2,2,3,108660,105504,113177,113622,116396,115826,0,10970,3805,4747,1932,8337,1
160000,1,2,1,66,2,2,2,2,2,2,67771,69535,70848,71739,73090,74490,3400,3000,2600,2600,2700,2800,1
260000,1,1,1,43,1,-2,-2,-1,0,0,0,0,0,14855,13650,0,0,0,15055,0,0,0,1
70000,2,3,3,49,2,0,0,0,0,0,92033,79841,80149,47735,48737,50225,3078,13489,7000,1771,2300,7600,1
20000,1,3,1,41,2,0,0,0,0,0,18738,18986,20110,19584,16539,19466,1376,1500,593,2701,4261,941,1
20000,2,2,1,27,3,2,0,0,2,3,4899,4675,5685,6490,6837,6435,0,1095,900,596,0,0,1
60000,1,1,1,49,2,0,0,0,0,0,60289,57426,25820,25793,28224,28968,1580,1500,1100,3000,1200,1100,1
110000,2,1,2,29,2,2,2,2,2,2,95690,105101,105676,106506,103591,109276,11000,3800,4000,0,8800,0,1
290000,2,1,2,25,0,0,0,0,0,0,305823,303701,296384,248801,241983,230925,15000,10500,10000,15000,7844,23333,1
400000,1,2,1,49,2,2,2,2,3,2,175904,179579,186539,196029,192680,195226,8000,11500,14100,4,6804,5,1
30000,2,3,1,39,0,0,0,0,-1,0,14517,3670,3280,2890,15839,13680,2500,2500,2500,15839,666,0,1
30000,1,1,1,57,0,0,2,3,2,0,23978,26749,28085,27344,26768,27454,3478,2073,0,0,1129,1163,1
20000,1,2,1,37,0,0,-1,-1,-2,-1,17219,14640,19400,0,0,17666,2000,19400,0,0,17666,0,1
140000,2,1,2,30,2,-1,-1,-1,-1,-1,1070,4593,4705,1710,0,6096,4593,4705,1710,0,6096,0,1
120000,2,2,2,32,0,0,0,0,0,2,15602,16482,16743,17185,18281,17312,2000,1551,2000,1500,457,7000,1
110000,1,2,2,24,0,0,0,0,0,0,44737,39590,39457,39075,39307,39564,2103,2005,2006,3006,3010,2013,1
50000,1,2,2,58,4,3,2,2,2,2,51996,51203,50071,8086,8263,9533,300,300,300,293,1400,400,1
340000,2,1,1,41,-1,2,-1,-1,2,-1,6814,6167,24386,3570,3094,14645,0,24386,3570,0,14645,4534,1
50000,2,2,1,32,-1,-1,-1,-2,-2,-2,819,699,0,0,0,0,699,0,0,0,0,0,1
60000,1,1,2,31,1,-1,0,0,0,0,0,1012,22760,17032,6808,8741,1012,22066,5032,1565,8500,5205,1
310000,1,1,1,43,0,0,0,0,2,0,250708,256157,261550,285233,280905,272240,11000,11300,29841,69,9980,9546,1
230000,2,1,2,49,2,2,-1,-1,-1,-1,113,0,1100,0,2119,0,0,1100,0,2119,0,2916,1
90000,2,3,2,27,2,0,0,0,0,0,92290,90719,39902,39200,38531,32991,4183,1600,1280,1310,1432,1088,1
90000,2,3,2,28,2,0,0,0,2,0,63869,65212,66627,70652,69397,70842,2368,2500,5140,0,2600,3000,1
280000,1,2,1,36,1,2,2,2,0,0,168708,172528,174328,170028,174281,185348,8000,6100,0,7000,14000,7000,1
120000,2,1,2,30,-1,-1,-1,-1,-1,-1,711,878,1131,441,441,441,878,1131,441,441,441,455,1
550000,2,2,1,32,0,0,0,0,0,0,546741,535509,548020,530672,155083,165975,22863,167622,14000,4300,158064,28840,1
30000,2,2,2,25,1,2,2,2,2,2,14149,15171,14635,15318,14930,16562,1543,0,1226,0,1882,0,1
100000,1,3,2,30,0,0,0,0,0,0,46675,46567,46638,46454,46262,47823,1800,2000,1700,1683,3500,1500,1
50000,2,2,2,26,0,0,0,0,-2,-2,33428,34385,35796,-229,-229,-229,1800,2100,0,0,0,0,1
30000,1,2,1,39,2,2,2,2,2,0,13888,16652,16087,17317,16900,17465,3000,0,1500,0,1000,3500,1
50000,2,3,1,37,2,0,0,0,0,0,38527,39609,40352,41183,42221,42935,2000,1700,1500,1700,1568,7400,1
50000,2,3,1,49,0,0,-1,-1,-1,-1,33782,35650,390,390,46310,0,4000,390,390,46310,0,0,1
30000,1,3,2,39,0,0,0,0,0,0,10178,14491,15504,15812,16143,16606,4491,1257,565,585,730,1000,1
80000,2,3,1,43,2,2,3,3,2,3,68152,71459,73690,71908,76294,74788,5000,4000,0,5700,0,0,1
150000,2,1,2,29,-1,2,2,-1,2,-1,766,515,-150,974,269,191,0,85,1124,0,191,591,1
500000,1,1,1,37,-2,-2,-2,-2,-2,-2,0,0,0,0,0,0,0,0,0,0,0,0,1
230000,2,1,1,30,-1,-1,0,0,0,0,2212,17402,32450,17285,9766,9981,17402,20013,346,5000,8000,5000,1
180000,1,2,2,32,1,2,2,0,0,0,172842,177065,163930,136145,133843,134352,8500,0,7000,5000,8000,5000,1
360000,2,1,2,26,1,-2,-2,-1,-1,-2,-200,-200,0,3000,0,0,0,200,3000,0,0,0,1
200000,2,2,2,39,7,6,5,4,3,2,195156,190843,186029,181866,179272,148704,0,0,0,39,85,3054,1
90000,2,1,2,29,-2,-2,-2,-2,-2,-2,1709,2522,3426,3426,2921,2197,2522,3426,3426,2921,2197,3087,1
50000,2,2,1,28,0,0,0,0,0,0,36380,51418,43095,29717,30368,29113,30000,2052,1034,1100,1088,883,1
260000,2,2,2,25,0,0,0,0,-1,0,16373,15249,15018,15520,3491,5651,5006,5000,5000,3491,3000,2000,1
130000,1,2,2,27,0,0,0,0,-1,0,131406,125858,118536,34394,66701,58437,5000,3572,3153,69200,2500,10000,1
20000,1,2,1,34,0,0,2,0,0,0,12619,14896,14360,14921,15328,16474,2800,0,800,800,1400,1000,1
440000,2,1,1,54,2,0,0,0,0,0,276955,198150,183825,185971,189968,193799,8752,8200,6700,7000,6870,7000,1
220000,1,1,2,34,-1,-1,-1,-2,-2,-2,17875,3431,-344,-344,-601,-601,3431,0,0,0,0,0,1
130000,1,3,2,49,2,0,0,0,0,0,60273,61839,62370,63429,26779,27521,2536,1857,1681,971,1186,1698,1
50000,2,2,2,25,3,3,2,2,2,2,35592,36518,36822,37421,38424,39035,1800,1200,1500,1750,1390,0,1
40000,1,2,1,38,2,2,2,2,2,2,33152,33623,34773,33917,36704,40404,1300,2000,0,3500,4471,0,1
210000,1,1,2,33,1,-2,-2,-2,-1,-1,0,0,0,0,700,0,0,0,0,700,0,0,1
60000,1,2,2,30,0,0,0,2,2,2,15145,16618,18475,17919,19167,18750,2000,2100,0,1500,0,1500,1
180000,1,2,2,29,1,2,2,-2,-1,2,5265,5002,0,0,1378,978,0,0,0,1704,0,2690,1
50000,1,3,1,32,2,3,2,2,2,2,39589,40160,40796,41526,42209,44960,1500,1600,1700,1500,3600,0,1
320000,1,1,2,32,-1,2,-1,-1,-2,-2,752,169,1940,0,0,0,0,1948,0,0,0,0,1
50000,2,3,2,43,2,2,7,7,7,7,2400,2400,2400,2400,2400,2400,0,0,0,0,0,0,1
420000,1,2,2,31,2,2,0,0,2,0,239293,90568,88997,93971,92203,93059,0,3500,6600,0,4000,3000,1
30000,1,2,3,50,2,0,0,0,0,0,11479,12981,14450,14903,16500,18715,2000,2000,693,2000,2500,668,1
30000,1,2,1,38,1,-1,-1,-1,-1,-2,0,2281,3666,2713,0,0,2281,3666,2713,0,0,0,1
30000,2,3,2,24,2,0,0,2,2,0,30279,30428,30485,31012,30402,30195,1500,2700,1300,0,1117,1353,1
20000,2,2,1,24,4,3,2,2,2,2,16549,16002,16047,15492,16739,16320,0,600,0,1500,0,2000,1
50000,1,1,2,33,1,2,2,0,0,2,26957,28230,27483,27728,29681,29053,2000,0,1000,2400,0,2400,1
170000,2,2,2,24,-1,-1,2,0,0,-1,1166,4144,3889,4889,4139,430,3000,0,1000,0,1000,17342,1
160000,1,1,1,36,-1,-1,-1,-1,-1,-1,816,316,316,316,316,316,316,316,316,316,316,316,1